ticker;datetime;close
122630;2010-02-22;9675.0
122630;2010-03-01;10245.0
122630;2010-03-08;10525.0
122630;2010-03-15;10825.0
122630;2010-03-22;10900.0
122630;2010-03-29;11370.0
122630;2010-04-05;11400.0
122630;2010-04-12;11410.0
122630;2010-04-19;11385.0
122630;2010-04-26;11455.0
122630;2010-05-03;10135.0
122630;2010-05-10;10685.0
122630;2010-05-17;9565.0
122630;2010-05-24;9800.0
122630;2010-05-31;10360.0
122630;2010-06-07;10500.0
122630;2010-06-14;10930.0
122630;2010-06-21;11060.0
122630;2010-06-28;10240.0
122630;2010-07-05;10965.0
122630;2010-07-12;11180.0
122630;2010-07-19;11400.0
122630;2010-07-26;11410.0
122630;2010-08-02;11725.0
122630;2010-08-09;11105.0
122630;2010-08-16;11540.0
122630;2010-08-23;10930.0
122630;2010-08-30;11530.0
122630;2010-09-06;11820.0
122630;2010-09-13;12160.0
122630;2010-09-20;12280.0
122630;2010-09-27;12765.0
122630;2010-10-04;13005.0
122630;2010-10-11;13055.0
122630;2010-10-18;12895.0
122630;2010-10-25;12595.0
122630;2010-11-01;13465.0
122630;2010-11-08;13225.0
122630;2010-11-15;13620.0
122630;2010-11-22;13250.0
122630;2010-11-29;14075.0
122630;2010-12-06;14565.0
122630;2010-12-13;15170.0
122630;2010-12-20;15360.0
122630;2010-12-27;15965.0
122630;2011-01-03;16440.0
122630;2011-01-10;16655.0
122630;2011-01-17;16030.0
122630;2011-01-24;16650.0
122630;2011-01-31;16150.0
122630;2011-02-07;14695.0
122630;2011-02-14;15145.0
122630;2011-02-21;14425.0
122630;2011-02-28;15090.0
122630;2011-03-07;14150.0
122630;2011-03-14;14695.0
122630;2011-03-21;15790.0
122630;2011-03-28;16810.0
122630;2011-04-04;16835.0
122630;2011-04-11;17010.0
122630;2011-04-18;18045.0
122630;2011-04-25;17890.0
122630;2011-05-02;17095.0
122630;2011-05-09;16520.0
122630;2011-05-16;16385.0
122630;2011-05-23;16200.0
122630;2011-05-30;16420.0
122630;2011-06-06;15275.0
122630;2011-06-13;14950.0
122630;2011-06-20;15820.0
122630;2011-06-27;16325.0
122630;2011-07-04;17205.0
122630;2011-07-11;16385.0
122630;2011-07-18;16750.0
122630;2011-07-25;16075.0
122630;2011-08-01;13200.0
122630;2011-08-08;10945.0
122630;2011-08-15;10230.0
122630;2011-08-22;10700.0
122630;2011-08-29;11695.0
122630;2011-09-05;11020.0
122630;2011-09-12;11475.0
122630;2011-09-19;9705.0
122630;2011-09-26;10495.0
122630;2011-10-03;10535.0
122630;2011-10-10;11380.0
122630;2011-10-17;11365.0
122630;2011-10-24;12635.0
122630;2011-10-31;12575.0
122630;2011-11-07;11575.0
122630;2011-11-14;11210.0
122630;2011-11-21;10420.0
122630;2011-11-28;12340.0
122630;2011-12-05;11665.0
122630;2011-12-12;11150.0
122630;2011-12-19;11550.0
122630;2011-12-26;11170.0
122630;2012-01-02;11405.0
122630;2012-01-09;11855.0
122630;2012-01-16;12945.0
122630;2012-01-23;13120.0
122630;2012-01-30;13140.0
122630;2012-02-06;13340.0
122630;2012-02-13;13810.0
122630;2012-02-20;13725.0
122630;2012-02-27;13905.0
122630;2012-03-05;13705.0
122630;2012-03-12;14060.0
122630;2012-03-19;13920.0
122630;2012-03-26;13740.0
122630;2012-04-02;14085.0
122630;2012-04-09;13770.0
122630;2012-04-16;13270.0
122630;2012-04-23;13340.0
122630;2012-04-30;13445.0
122630;2012-05-07;12385.0
122630;2012-05-14;10660.0
122630;2012-05-21;11160.0
122630;2012-05-28;11270.0
122630;2012-06-04;11340.0
122630;2012-06-11;11605.0
122630;2012-06-18;11305.0
122630;2012-06-25;11360.0
122630;2012-07-02;11330.0
122630;2012-07-09;10770.0
122630;2012-07-16;10900.0
122630;2012-07-23;11050.0
122630;2012-07-30;11280.0
122630;2012-08-06;12590.0
122630;2012-08-13;12570.0
122630;2012-08-20;12120.0
122630;2012-08-27;11725.0
122630;2012-09-03;12030.0
122630;2012-09-10;13115.0
122630;2012-09-17;12940.0
122630;2012-09-24;12800.0
122630;2012-10-01;12785.0
122630;2012-10-08;11835.0
122630;2012-10-15;12060.0
122630;2012-10-22;11320.0
122630;2012-10-29;11645.0
122630;2012-11-05;11380.0
122630;2012-11-12;10910.0
122630;2012-11-19;11640.0
122630;2012-11-26;11975.0
122630;2012-12-03;12310.0
122630;2012-12-10;12890.0
122630;2012-12-17;12620.0
122630;2012-12-24;12970.0
122630;2012-12-31;13195.0
122630;2013-01-07;12910.0
122630;2013-01-14;12690.0
122630;2013-01-21;12140.0
122630;2013-01-28;12285.0
122630;2013-02-04;12240.0
122630;2013-02-11;12700.0
122630;2013-02-18;13225.0
122630;2013-02-25;13290.0
122630;2013-03-04;12885.0
122630;2013-03-11;12535.0
122630;2013-03-18;11955.0
122630;2013-03-25;12740.0
122630;2013-04-01;11690.0
122630;2013-04-08;11565.0
122630;2013-04-15;11295.0
122630;2013-04-22;11695.0
122630;2013-04-29;11900.0
122630;2013-05-06;11590.0
122630;2013-05-13;12155.0
122630;2013-05-20;11985.0
122630;2013-05-27;12415.0
122630;2013-06-03;11500.0
122630;2013-06-10;10845.0
122630;2013-06-17;10060.0
122630;2013-06-24;10485.0
122630;2013-07-01;10135.0
122630;2013-07-08;10520.0
122630;2013-07-15;10510.0
122630;2013-07-22;10990.0
122630;2013-07-29;11145.0
122630;2013-08-05;10560.0
122630;2013-08-12;11015.0
122630;2013-08-19;10495.0
122630;2013-08-26;11230.0
122630;2013-09-02;11620.0
122630;2013-09-09;12065.0
122630;2013-09-16;12220.0
122630;2013-09-23;12320.0
122630;2013-09-30;12145.0
122630;2013-10-07;12625.0
122630;2013-10-14;13040.0
122630;2013-10-21;12615.0
122630;2013-10-28;12715.0
122630;2013-11-04;12000.0
122630;2013-11-11;12290.0
122630;2013-11-18;12240.0
122630;2013-11-25;12775.0
122630;2013-12-02;11955.0
122630;2013-12-09;11635.0
122630;2013-12-16;11950.0
122630;2013-12-23;12365.0
122630;2013-12-30;11520.0
122630;2014-01-06;11335.0
122630;2014-01-13;11410.0
122630;2014-01-20;11330.0
122630;2014-01-27;11355.0
122630;2014-02-03;11070.0
122630;2014-02-10;11330.0
122630;2014-02-17;11465.0
122630;2014-02-24;11695.0
122630;2014-03-03;11655.0
122630;2014-03-10;10915.0
122630;2014-03-17;11050.0
122630;2014-03-24;11565.0
122630;2014-03-31;11860.0
122630;2014-04-07;11830.0
122630;2014-04-14;12005.0
122630;2014-04-21;11590.0
122630;2014-04-28;11355.0
122630;2014-05-05;11245.0
122630;2014-05-12;11995.0
122630;2014-05-19;12100.0
122630;2014-05-26;11840.0
122630;2014-06-02;11780.0
122630;2014-06-09;11590.0
122630;2014-06-16;11435.0
122630;2014-06-23;11670.0
122630;2014-06-30;11815.0
122630;2014-07-07;11415.0
122630;2014-07-14;11820.0
122630;2014-07-21;12035.0
122630;2014-07-28;12540.0
122630;2014-08-04;11885.0
122630;2014-08-11;12225.0
122630;2014-08-18;12030.0
122630;2014-08-25;12100.0
122630;2014-09-01;11830.0
122630;2014-09-08;11755.0
122630;2014-09-15;11895.0
122630;2014-09-22;11440.0
122630;2014-09-29;10735.0
122630;2014-10-06;10315.0
122630;2014-10-13;9895.0
122630;2014-10-20;10085.0
122630;2014-10-27;10660.0
122630;2014-11-03;10475.0
122630;2014-11-10;10485.0
122630;2014-11-17;10660.0
122630;2014-11-24;10930.0
122630;2014-12-01;11010.0
122630;2014-12-08;10335.0
122630;2014-12-15;10415.0
122630;2014-12-22;10620.0
122630;2014-12-29;10390.0
122630;2015-01-05;10495.0
122630;2015-01-12;10210.0
122630;2015-01-19;10830.0
122630;2015-01-26;10860.0
122630;2015-02-02;10785.0
122630;2015-02-09;10765.0
122630;2015-02-16;10840.0
122630;2015-02-23;10915.0
122630;2015-03-02;11255.0
122630;2015-03-09;10995.0
122630;2015-03-16;11500.0
122630;2015-03-23;11265.0
122630;2015-03-30;11345.0
122630;2015-04-06;11730.0
122630;2015-04-13;12285.0
122630;2015-04-20;12550.0
122630;2015-04-27;12175.0
122630;2015-05-04;11690.0
122630;2015-05-11;11645.0
122630;2015-05-18;12045.0
122630;2015-05-25;11590.0
122630;2015-06-01;11030.0
122630;2015-06-08;10720.0
122630;2015-06-15;10615.0
122630;2015-06-22;10980.0
122630;2015-06-29;10995.0
122630;2015-07-06;10360.0
122630;2015-07-13;10565.0
122630;2015-07-20;10120.0
122630;2015-07-27;10025.0
122630;2015-08-03;9745.0
122630;2015-08-10;9580.0
122630;2015-08-17;8765.0
122630;2015-08-24;9035.0
122630;2015-08-31;8750.0
122630;2015-09-07;9165.0
122630;2015-09-14;9730.0
122630;2015-09-21;9240.0
122630;2015-09-28;9435.0
122630;2015-10-05;10060.0
122630;2015-10-12;10265.0
122630;2015-10-19;10445.0
122630;2015-10-26;10490.0
122630;2015-11-02;10505.0
122630;2015-11-09;9850.0
122630;2015-11-16;10020.0
122630;2015-11-23;10410.0
122630;2015-11-30;9785.0
122630;2015-12-07;9660.0
122630;2015-12-14;9885.0
122630;2015-12-21;10070.0
122630;2015-12-28;9870.0
122630;2016-01-04;9370.0
122630;2016-01-11;8970.0
122630;2016-01-18;8950.0
122630;2016-01-25;9140.0
122630;2016-02-01;9300.0
122630;2016-02-08;8655.0
122630;2016-02-15;9365.0
122630;2016-02-22;9435.0
122630;2016-02-29;9760.0
122630;2016-03-07;9950.0
122630;2016-03-14;10090.0
122630;2016-03-21;10075.0
122630;2016-03-28;9910.0
122630;2016-04-04;9855.0
122630;2016-04-11;10410.0
122630;2016-04-18;10380.0
122630;2016-04-25;10115.0
122630;2016-05-02;9905.0
122630;2016-05-09;9725.0
122630;2016-05-16;9605.0
122630;2016-05-23;9840.0
122630;2016-05-30;10025.0
122630;2016-06-06;10390.0
122630;2016-06-13;9785.0
122630;2016-06-20;9505.0
122630;2016-06-27;10130.0
122630;2016-07-04;9880.0
122630;2016-07-11;10440.0
122630;2016-07-18;10425.0
122630;2016-07-25;10550.0
122630;2016-08-01;10565.0
122630;2016-08-08;10900.0
122630;2016-08-15;11070.0
122630;2016-08-22;10915.0
122630;2016-08-29;10905.0
122630;2016-09-05;10950.0
122630;2016-09-12;10480.0
122630;2016-09-19;11010.0
122630;2016-09-26;10940.0
122630;2016-10-03;11140.0
122630;2016-10-10;10760.0
122630;2016-10-17;10890.0
122630;2016-10-24;10840.0
122630;2016-10-31;10520.0
122630;2016-11-07;10495.0
122630;2016-11-14;10320.0
122630;2016-11-21;10470.0
122630;2016-11-28;10510.0
122630;2016-12-05;11145.0
122630;2016-12-12;11240.0
122630;2016-12-19;11225.0
122630;2016-12-26;11365.0
122630;2017-01-02;11675.0
122630;2017-01-09;12130.0
122630;2017-01-16;12030.0
122630;2017-01-23;12320.0
122630;2017-01-30;12175.0
122630;2017-02-06;12155.0
122630;2017-02-13;12160.0
122630;2017-02-20;12315.0
122630;2017-02-27;12235.0
122630;2017-03-06;12435.0
122630;2017-03-13;13265.0
122630;2017-03-20;13365.0
122630;2017-03-27;13265.0
122630;2017-04-03;13065.0
122630;2017-04-10;12930.0
122630;2017-04-17;13195.0
122630;2017-04-24;13825.0
122630;2017-05-01;14335.0
122630;2017-05-08;14940.0
122630;2017-05-15;14920.0
122630;2017-05-22;15820.0
122630;2017-05-29;15875.0
122630;2017-06-05;16010.0
122630;2017-06-12;15755.0
122630;2017-06-19;16080.0
122630;2017-06-26;16275.0
122630;2017-07-03;16155.0
122630;2017-07-10;16810.0
122630;2017-07-17;17295.0
122630;2017-07-24;16515.0
122630;2017-07-31;16445.0
122630;2017-08-07;15285.0
122630;2017-08-14;15865.0
122630;2017-08-21;16135.0
122630;2017-08-28;15755.0
122630;2017-09-04;15725.0
122630;2017-09-11;16300.0
122630;2017-09-18;16585.0
122630;2017-09-25;16605.0
122630;2017-10-09;17715.0
122630;2017-10-16;17865.0
122630;2017-10-23;17925.0
122630;2017-10-30;18960.0
122630;2017-11-06;18635.0
122630;2017-11-13;18460.0
122630;2017-11-20;18550.0
122630;2017-11-27;17425.0
122630;2017-12-04;17335.0
122630;2017-12-11;17520.0
122630;2017-12-18;16985.0
122630;2017-12-25;17650.0
122630;2018-01-01;18110.0
122630;2018-01-08;17890.0
122630;2018-01-15;18175.0
122630;2018-01-22;18805.0
122630;2018-01-29;17905.0
122630;2018-02-05;15540.0
122630;2018-02-12;16505.0
122630;2018-02-19;16740.0
122630;2018-02-26;16290.0
122630;2018-03-05;16765.0
122630;2018-03-12;17255.0
122630;2018-03-19;16150.0
122630;2018-03-26;16500.0
122630;2018-04-02;16130.0
122630;2018-04-09;16455.0
122630;2018-04-16;16750.0
122630;2018-04-23;17055.0
122630;2018-04-30;16640.0
122630;2018-05-07;16790.0
122630;2018-05-14;16490.0
122630;2018-05-21;16715.0
122630;2018-05-28;16125.0
122630;2018-06-04;16335.0
122630;2018-06-11;15800.0
122630;2018-06-18;15180.0
122630;2018-06-25;14815.0
122630;2018-07-02;14240.0
122630;2018-07-09;14725.0
122630;2018-07-16;14595.0
122630;2018-07-23;14650.0
122630;2018-07-30;14420.0
122630;2018-08-06;14245.0
122630;2018-08-13;13715.0
122630;2018-08-20;14370.0
122630;2018-08-27;14735.0
122630;2018-09-03;14105.0
122630;2018-09-10;14535.0
122630;2018-09-17;14830.0
122630;2018-09-24;14885.0
122630;2018-10-01;13980.0
122630;2018-10-08;12810.0
122630;2018-10-15;12730.0
122630;2018-10-22;11320.0
122630;2018-10-29;12115.0
122630;2018-11-05;11975.0
122630;2018-11-12;12005.0
122630;2018-11-19;11550.0
122630;2018-11-26;12020.0
122630;2018-12-03;11740.0
122630;2018-12-10;11475.0
122630;2018-12-17;11370.0
122630;2018-12-24;11445.0
122630;2018-12-31;11115.0
122630;2019-01-07;11910.0
122630;2019-01-14;12505.0
122630;2019-01-21;13210.0
122630;2019-01-28;13565.0
122630;2019-02-04;13195.0
122630;2019-02-11;13400.0
122630;2019-02-18;13810.0
122630;2019-02-25;13390.0
122630;2019-03-04;12550.0
122630;2019-03-11;12975.0
122630;2019-03-18;13245.0
122630;2019-03-25;12680.0
122630;2019-04-01;13650.0
122630;2019-04-08;13765.0
122630;2019-04-15;13535.0
122630;2019-04-22;13075.0
122630;2019-04-29;13295.0
122630;2019-05-06;12225.0
122630;2019-05-13;11515.0
122630;2019-05-20;11525.0
122630;2019-05-27;11405.0
122630;2019-06-03;11790.0
122630;2019-06-10;11975.0
122630;2019-06-17;12430.0
122630;2019-06-24;12695.0
122630;2019-07-01;12405.0
122630;2019-07-08;12260.0
122630;2019-07-15;12410.0
122630;2019-07-22;12170.0
122630;2019-07-29;11375.0
122630;2019-08-05;10690.0
122630;2019-08-12;10555.0
122630;2019-08-19;10765.0
122630;2019-08-26;10970.0
122630;2019-09-02;11520.0
122630;2019-09-09;11970.0
122630;2019-09-16;12470.0
122630;2019-09-23;12080.0
122630;2019-09-30;11720.0
122630;2019-10-07;12065.0
122630;2019-10-14;12160.0
122630;2019-10-21;12555.0
122630;2019-10-28;12665.0
122630;2019-11-04;13100.0
122630;2019-11-11;13480.0
122630;2019-11-18;12740.0
122630;2019-11-25;12470.0
122630;2019-12-02;12480.0
122630;2019-12-09;13720.0
122630;2019-12-16;14145.0
122630;2019-12-23;14485.0
122630;2019-12-30;14070.0
122630;2020-01-06;14650.0
122630;2020-01-13;15305.0
122630;2020-01-20;15190.0
122630;2020-01-27;13500.0
122630;2020-02-03;14690.0
122630;2020-02-10;15165.0
122630;2020-02-17;14115.0
122630;2020-02-24;11890.0
122630;2020-03-02;12440.0
122630;2020-03-09;9535.0
122630;2020-03-16;7350.0
122630;2020-03-23;8490.0
122630;2020-03-30;8380.0
122630;2020-04-06;9530.0
122630;2020-04-13;10145.0
122630;2020-04-20;9715.0
122630;2020-04-27;10375.0
122630;2020-05-04;10260.0
122630;2020-05-11;10020.0
122630;2020-05-18;10460.0
122630;2020-05-25;11160.0
122630;2020-06-01;13160.0
122630;2020-06-08;12235.0
122630;2020-06-15;12230.0
122630;2020-06-22;12280.0
122630;2020-06-29;12380.0
122630;2020-07-06;12495.0
122630;2020-07-13;13105.0
122630;2020-07-20;13010.0
122630;2020-07-27;13780.0
122630;2020-08-03;15000.0
122630;2020-08-10;15640.0
122630;2020-08-17;14360.0
122630;2020-08-24;14935.0
122630;2020-08-31;14855.0
122630;2020-09-07;15250.0
122630;2020-09-14;15465.0
122630;2020-09-21;14040.0
122630;2020-09-28;14645.0
122630;2020-10-05;15415.0
122630;2020-10-12;14835.0
122630;2020-10-19;15105.0
122630;2020-10-26;13860.0
122630;2020-11-02;15765.0
122630;2020-11-09;16840.0
122630;2020-11-16;17565.0
122630;2020-11-23;18850.0
122630;2020-11-30;20455.0
122630;2020-12-07;20940.0
122630;2020-12-14;20840.0
122630;2020-12-21;21545.0
122630;2020-12-28;23555.0
122630;2021-01-04;28660.0
122630;2021-01-11;27315.0
122630;2021-01-18;28110.0
122630;2021-01-25;25340.0
122630;2021-02-01;27545.0
122630;2021-02-08;27195.0
122630;2021-02-15;27250.0
122630;2021-02-22;25880.0
122630;2021-03-01;26065.0
122630;2021-03-08;26430.0
122630;2021-03-15;26000.0
122630;2021-03-22;26050.0
122630;2021-03-29;27485.0
122630;2021-04-05;27455.0
122630;2021-04-12;28495.0
122630;2021-04-19;27920.0
122630;2021-04-26;27220.0
122630;2021-05-03;28085.0
122630;2021-05-10;26995.0
122630;2021-05-17;27145.0
122630;2021-05-24;27650.0
122630;2021-05-31;28375.0
122630;2021-06-07;28450.0
122630;2021-06-14;28750.0
122630;2021-06-21;29405.0
122630;2021-06-28;28850.0
122630;2021-07-05;27760.0
122630;2021-07-12;28690.0
122630;2021-07-19;28335.0
122630;2021-07-26;27390.0
122630;2021-08-02;28570.0
122630;2021-08-09;26375.0
122630;2021-08-16;24485.0
122630;2021-08-23;25640.0
122630;2021-08-30;26700.0
122630;2021-09-06;25440.0
122630;2021-09-13;25625.0
122630;2021-09-20;25490.0
122630;2021-09-27;23610.0
122630;2021-10-04;22825.0
122630;2021-10-11;23535.0
122630;2021-10-18;23525.0
122630;2021-10-25;22935.0
122630;2021-11-01;23100.0
122630;2021-11-08;23130.0
122630;2021-11-15;23115.0
122630;2021-11-22;22460.0
122630;2021-11-29;23210.0
122630;2021-12-06;23765.0
122630;2021-12-13;23880.0
122630;2021-12-20;24180.0
122630;2021-12-27;23870.0
122630;2022-01-03;23380.0
122630;2022-01-10;22930.0
122630;2022-01-17;21675.0
122630;2022-01-24;19700.0
122630;2022-01-31;20530.0
122630;2022-02-07;20740.0
122630;2022-02-14;20750.0
122630;2022-02-21;19655.0
122630;2022-02-28;19925.0
122630;2022-03-07;19150.0
122630;2022-03-14;19960.0
122630;2022-03-21;19915.0
122630;2022-03-28;20105.0
122630;2022-04-04;19325.0
122630;2022-04-11;19010.0
122630;2022-04-18;19150.0
122630;2022-04-25;19150.0
122630;2022-05-02;18475.0
122630;2022-05-09;18135.0
122630;2022-05-16;18525.0
122630;2022-05-23;18370.0
122630;2022-05-30;18785.0
122630;2022-06-06;17660.0
122630;2022-06-13;15425.0
122630;2022-06-20;14740.0
122630;2022-06-27;14005.0
122630;2022-07-04;14520.0
122630;2022-07-11;14295.0
122630;2022-07-18;15180.0
122630;2022-07-25;15730.0
122630;2022-08-01;16140.0
122630;2022-08-08;16435.0
122630;2022-08-15;16035.0
122630;2022-08-22;15720.0
122630;2022-08-29;14620.0
122630;2022-09-05;14280.0
122630;2022-09-12;14165.0
122630;2022-09-19;13180.0
122630;2022-09-26;11840.0
122630;2022-10-03;12575.0
122630;2022-10-10;12480.0
122630;2022-10-17;12385.0
122630;2022-10-24;12935.0
122630;2022-10-31;13735.0
122630;2022-11-07;15530.0
122630;2022-11-14;14885.0
122630;2022-11-21;14760.0
122630;2022-11-28;14655.0
122630;2022-12-05;14350.0
122630;2022-12-12;13820.0
122630;2022-12-19;13375.0
122630;2022-12-26;12805.0
122630;2023-01-02;13655.0
122630;2023-01-09;14805.0
122630;2023-01-16;14970.0
122630;2023-01-23;16120.0
122630;2023-01-30;15880.0
122630;2023-02-06;15595.0
122630;2023-02-13;15310.0
122630;2023-02-20;14945.0
122630;2023-02-27;14880.0
122630;2023-03-06;14285.0
122630;2023-03-13;14415.0
122630;2023-03-20;14615.0
122630;2023-03-27;15410.0
122630;2023-04-03;15515.0
122630;2023-04-10;16525.0
122630;2023-04-17;16220.0
122630;2023-04-24;15685.0
122630;2023-05-01;15645.0
122630;2023-05-08;15445.0
122630;2023-05-15;16465.0
122630;2023-05-22;16745.0
122630;2023-05-29;17265.0
122630;2023-06-05;17720.0
122630;2023-06-12;17485.0
122630;2023-06-19;16820.0
122630;2023-06-26;16855.0
122630;2023-07-03;16150.0
122630;2023-07-10;17705.0
122630;2023-07-17;17215.0
122630;2023-07-24;17350.0
122630;2023-07-31;17065.0
122630;2023-08-07;16810.0
122630;2023-08-14;15770.0
122630;2023-08-21;15890.0
122630;2023-08-28;16690.0
122630;2023-09-04;16510.0
122630;2023-09-11;17320.0
122630;2023-09-18;16015.0
122630;2023-09-25;15615.0
122630;2023-10-02;14880.0
122630;2023-10-09;15510.0
122630;2023-10-16;14710.0
122630;2023-10-23;13850.0
122630;2023-10-30;14715.0
122630;2023-11-06;15190.0
122630;2023-11-13;15915.0
122630;2023-11-20;16120.0
122630;2023-11-27;16125.0
122630;2023-12-04;16345.0
122630;2023-12-11;16955.0
122630;2023-12-18;17595.0
122630;2023-12-25;18705.0
122630;2024-01-01;17490.0
122630;2024-01-08;16590.0
122630;2024-01-15;16065.0
122630;2024-01-22;16170.0
122630;2024-01-29;17910.0
122630;2024-02-05;17905.0
122630;2024-02-12;18125.0
122630;2024-02-19;18440.0
122630;2024-02-26;18155.0
122630;2024-03-04;18765.0
122630;2024-03-11;18545.0
122630;2024-03-18;19865.0
122630;2024-03-25;20210.0
122630;2024-04-01;19860.0
122630;2024-04-08;19345.0
122630;2024-04-15;17775.0
122630;2024-04-22;18605.0
122630;2024-04-29;18935.0
122630;2024-05-06;19680.0
122630;2024-05-13;19570.0
122630;2024-05-20;19065.0
122630;2024-05-27;18375.0
122630;2024-06-03;19580.0
122630;2024-06-10;19970.0
122630;2024-06-17;20555.0
122630;2024-06-24;20880.0
122630;2024-07-01;22190.0
122630;2024-07-08;21790.0
122630;2024-07-15;20865.0
122630;2024-07-22;19790.0
122630;2024-07-29;18845.0
122630;2024-08-05;17200.0
122630;2024-08-12;18855.0
122630;2024-08-19;18855.0
122630;2024-08-26;18195.0
122630;2024-09-02;16250.0
122630;2024-09-09;16370.0
122630;2024-09-16;16415.0
122630;2024-09-23;17335.0
122630;2024-09-30;16205.0
122630;2024-10-07;16500.0
122630;2024-10-14;16550.0
122630;2024-10-21;16315.0
122630;2024-10-28;15730.0
122630;2024-11-04;15945.0
122630;2024-11-11;14090.0
122630;2024-11-18;15170.0
122630;2024-11-25;14555.0
122630;2024-12-02;14245.0
122630;2024-12-09;14900.0
122630;2024-12-16;13775.0
122630;2024-12-23;13995.0
122630;2024-12-30;14380.0
122630;2025-01-06;15230.0
122630;2025-01-13;15240.0
122630;2025-01-20;15410.0
122630;2025-01-27;15095.0
122630;2025-02-03;15070.0
122630;2025-02-10;15900.0
122630;2025-02-17;16760.0
122630;2025-02-24;15295.0
122630;2025-03-03;15610.0
122630;2025-03-10;15805.0
122630;2025-03-17;17175.0
122630;2025-03-24;16205.0
122630;2025-03-31;14900.0
122630;2025-04-07;14175.0
122630;2025-04-14;14650.0
122630;2025-04-21;15365.0
122630;2025-04-28;15550.0
122630;2025-05-05;15800.0
122630;2025-05-12;16635.0
122630;2025-05-19;16100.0
122630;2025-05-26;17475.0
122630;2025-06-02;19125.0
122630;2025-06-09;20190.0
122630;2025-06-16;22065.0
122630;2025-06-23;22915.0
122630;2025-06-30;22900.0
122630;2025-07-07;24625.0
122630;2025-07-14;24970.0
122630;2025-07-21;24880.0
122630;2025-07-28;23635.0
122630;2025-08-04;25100.0
122630;2025-08-11;25455.0
122630;2025-08-18;24540.0
122630;2025-08-25;24765.0
122630;2025-09-01;25075.0
122630;2025-09-08;28570.0
122630;2025-09-15;29850.0
122630;2025-09-22;29205.0
122630;2025-09-29;32460.0
122630;2025-10-06;34070.0
122630;2025-10-13;36560.0
122630;2025-10-20;40100.0
122630;2025-10-27;44535.0
122630;2025-11-03;41060.0
122630;2025-11-10;41715.0
122630;2025-11-17;38230.0
122630;2025-11-24;40225.0
122630;2025-12-01;43960.0
122630;2025-12-08;45065.0
122630;2025-12-15;42100.0
122630;2025-12-22;45105.0
122630;2025-12-29;50645.0
122630;2026-01-05;57975.0
122630;2026-01-12;64310.0
122630;2026-01-19;68410.0
122630;2026-01-26;76385.0
122630;2026-02-02;71605.0
122630;2026-02-09;84615.0
122630;2026-02-16;93980.0
122630;2026-02-23;111280.0
122630;2026-03-02;84000.0
122630;2026-03-09;79725.0
122630;2026-03-16;89320.0
122630;2026-03-23;77690.0
122630;2026-03-30;75240.0
122630;2026-04-06;90650.0
122630;2026-04-13;101915.0
122630;2026-04-20;110215.0
122630;2026-04-27;115450.0
122630;2026-05-04;153695.0
122630;2026-05-11;155000.0
122630;2026-05-18;171400.0
122630;2026-05-25;204400.0
122630;2026-06-01;189830.0
122630;2026-06-08;182370.0
122630;2026-06-15;235130.0
122630;2026-06-22;199990.0
122630;2026-06-29;179260.0
122630;2026-07-06;150695.0
122630;2026-07-13;120500.0
122630;2026-07-20;113390.0
122630;2026-07-27;110945.0
122630;2026-08-03;90690.0
122630;2026-08-10;113525.0
122630;2026-08-17;112240.0
122630;2026-08-24;106370.0
122630;2026-08-31;103055.0
122630;2026-09-07;109995.0
122630;2026-09-14;103580.0
122630;2026-09-17;104100.0
233740;2015-12-14;10710.0
233740;2015-12-21;10295.0
233740;2015-12-28;11625.0
233740;2016-01-04;11510.0
233740;2016-01-11;11230.0
233740;2016-01-18;11450.0
233740;2016-01-25;11680.0
233740;2016-02-01;11795.0
233740;2016-02-08;9100.0
233740;2016-02-15;9865.0
233740;2016-02-22;9950.0
233740;2016-02-29;10835.0
233740;2016-03-07;10975.0
233740;2016-03-14;10930.0
233740;2016-03-21;10700.0
233740;2016-03-28;10810.0
233740;2016-04-04;11035.0
233740;2016-04-11;10750.0
233740;2016-04-18;10740.0
233740;2016-04-25;10585.0
233740;2016-05-02;10380.0
233740;2016-05-09;10590.0
233740;2016-05-16;10175.0
233740;2016-05-23;10350.0
233740;2016-05-30;10715.0
233740;2016-06-06;10910.0
233740;2016-06-13;10065.0
233740;2016-06-20;9250.0
233740;2016-06-27;10185.0
233740;2016-07-04;10290.0
233740;2016-07-11;10405.0
233740;2016-07-18;10555.0
233740;2016-07-25;10430.0
233740;2016-08-01;10055.0
233740;2016-08-08;10550.0
233740;2016-08-15;10425.0
233740;2016-08-22;10000.0
233740;2016-08-29;9935.0
233740;2016-09-05;9730.0
233740;2016-09-12;9475.0
233740;2016-09-19;10180.0
233740;2016-09-26;9835.0
233740;2016-10-03;9495.0
233740;2016-10-10;9270.0
233740;2016-10-17;9065.0
233740;2016-10-24;8965.0
233740;2016-10-31;8380.0
233740;2016-11-07;8515.0
233740;2016-11-14;8300.0
233740;2016-11-21;7830.0
233740;2016-11-28;7430.0
233740;2016-12-05;7650.0
233740;2016-12-12;8225.0
233740;2016-12-19;8035.0
233740;2016-12-26;8515.0
233740;2017-01-02;8640.0
233740;2017-01-09;8410.0
233740;2017-01-16;8090.0
233740;2017-01-23;8040.0
233740;2017-01-30;7945.0
233740;2017-02-06;8065.0
233740;2017-02-13;8305.0
233740;2017-02-20;8300.0
233740;2017-02-27;7955.0
233740;2017-03-06;8260.0
233740;2017-03-13;8040.0
233740;2017-03-20;8025.0
233740;2017-03-27;8355.0
233740;2017-04-03;8870.0
233740;2017-04-10;8520.0
233740;2017-04-17;8875.0
233740;2017-04-24;8785.0
233740;2017-05-01;9090.0
233740;2017-05-08;9370.0
233740;2017-05-15;9290.0
233740;2017-05-22;9465.0
233740;2017-05-29;9885.0
233740;2017-06-05;10490.0
233740;2017-06-12;10385.0
233740;2017-06-19;10500.0
233740;2017-06-26;10525.0
233740;2017-07-03;10380.0
233740;2017-07-10;10070.0
233740;2017-07-17;10790.0
233740;2017-07-24;10270.0
233740;2017-07-31;9700.0
233740;2017-08-07;9480.0
233740;2017-08-14;10090.0
233740;2017-08-21;10300.0
233740;2017-08-28;10765.0
233740;2017-09-04;10725.0
233740;2017-09-11;11680.0
233740;2017-09-18;11400.0
233740;2017-09-25;11625.0
233740;2017-10-09;12335.0
233740;2017-10-16;13350.0
233740;2017-10-23;14205.0
233740;2017-10-30;14955.0
233740;2017-11-06;15750.0
233740;2017-11-13;19490.0
233740;2017-11-20;19825.0
233740;2017-11-27;19260.0
233740;2017-12-04;16510.0
233740;2017-12-11;17370.0
233740;2017-12-18;17305.0
233740;2017-12-25;19800.0
233740;2018-01-01;21495.0
233740;2018-01-08;26350.0
233740;2018-01-15;25465.0
233740;2018-01-22;27000.0
233740;2018-01-29;25840.0
233740;2018-02-05;22000.0
233740;2018-02-12;22070.0
233740;2018-02-19;23600.0
233740;2018-02-26;22660.0
233740;2018-03-05;23205.0
233740;2018-03-12;24760.0
233740;2018-03-19;20505.0
233740;2018-03-26;22765.0
233740;2018-04-02;22680.0
233740;2018-04-09;23120.0
233740;2018-04-16;22115.0
233740;2018-04-23;21870.0
233740;2018-04-30;19300.0
233740;2018-05-07;19330.0
233740;2018-05-14;19770.0
233740;2018-05-21;20530.0
233740;2018-05-28;20655.0
233740;2018-06-04;20010.0
233740;2018-06-11;19775.0
233740;2018-06-18;18300.0
233740;2018-06-25;17810.0
233740;2018-07-02;17955.0
233740;2018-07-09;18050.0
233740;2018-07-16;16150.0
233740;2018-07-23;14650.0
233740;2018-07-30;15330.0
233740;2018-08-06;15200.0
233740;2018-08-13;14850.0
233740;2018-08-20;16130.0
233740;2018-08-27;17130.0
233740;2018-09-03;16975.0
233740;2018-09-10;18375.0
233740;2018-09-17;18150.0
233740;2018-09-24;18000.0
233740;2018-10-01;15585.0
233740;2018-10-08;14575.0
233740;2018-10-15;14590.0
233740;2018-10-22;11900.0
233740;2018-10-29;12600.0
233740;2018-11-05;12055.0
233740;2018-11-12;12190.0
233740;2018-11-19;12015.0
233740;2018-11-26;12405.0
233740;2018-12-03;12170.0
233740;2018-12-10;11320.0
233740;2018-12-17;11910.0
233740;2018-12-24;11990.0
233740;2018-12-31;11320.0
233740;2019-01-07;11720.0
233740;2019-01-14;11620.0
233740;2019-01-21;11985.0
233740;2019-01-28;12510.0
233740;2019-02-04;12955.0
233740;2019-02-11;13280.0
233740;2019-02-18;13540.0
233740;2019-02-25;13480.0
233740;2019-03-04;13280.0
233740;2019-03-11;13595.0
233740;2019-03-18;13070.0
233740;2019-03-25;12560.0
233740;2019-04-01;12935.0
233740;2019-04-08;13245.0
233740;2019-04-15;12990.0
233740;2019-04-22;12325.0
233740;2019-04-29;12780.0
233740;2019-05-06;11385.0
233740;2019-05-13;10810.0
233740;2019-05-20;9890.0
233740;2019-05-27;10085.0
233740;2019-06-03;10455.0
233740;2019-06-10;10385.0
233740;2019-06-17;10270.0
233740;2019-06-24;8930.0
233740;2019-07-01;9285.0
233740;2019-07-08;8695.0
233740;2019-07-15;8730.0
233740;2019-07-22;8045.0
233740;2019-07-29;6985.0
233740;2019-08-05;6125.0
233740;2019-08-12;6160.0
233740;2019-08-19;6600.0
233740;2019-08-26;6690.0
233740;2019-09-02;7200.0
233740;2019-09-09;7220.0
233740;2019-09-16;7550.0
233740;2019-09-23;6820.0
233740;2019-09-30;6965.0
233740;2019-10-07;7495.0
233740;2019-10-14;7770.0
233740;2019-10-21;8400.0
233740;2019-10-28;8730.0
233740;2019-11-04;8675.0
233740;2019-11-11;8740.0
233740;2019-11-18;7580.0
233740;2019-11-25;7450.0
233740;2019-12-02;7415.0
233740;2019-12-09;7770.0
233740;2019-12-16;8005.0
233740;2019-12-23;8570.0
233740;2019-12-30;8605.0
233740;2020-01-06;8710.0
233740;2020-01-13;8895.0
233740;2020-01-20;8685.0
233740;2020-01-27;7625.0
233740;2020-02-03;8410.0
233740;2020-02-10;8740.0
233740;2020-02-17;8070.0
233740;2020-02-24;7125.0
233740;2020-03-02;7725.0
233740;2020-03-09;5530.0
233740;2020-03-16;4640.0
233740;2020-03-23;5430.0
233740;2020-03-30;6325.0
233740;2020-04-06;6860.0
233740;2020-04-13;7490.0
233740;2020-04-20;7300.0
233740;2020-04-27;7500.0
233740;2020-05-04;8425.0
233740;2020-05-11;8635.0
233740;2020-05-18;8835.0
233740;2020-05-25;8985.0
233740;2020-06-01;10380.0
233740;2020-06-08;10365.0
233740;2020-06-15;10160.0
233740;2020-06-22;10585.0
233740;2020-06-29;10215.0
233740;2020-07-06;11030.0
233740;2020-07-13;11180.0
233740;2020-07-20;11680.0
233740;2020-07-27;12140.0
233740;2020-08-03;13820.0
233740;2020-08-10;12950.0
233740;2020-08-17;11775.0
233740;2020-08-24;13150.0
233740;2020-08-31;13665.0
233740;2020-09-07;13955.0
233740;2020-09-14;14305.0
233740;2020-09-21;11425.0
233740;2020-09-28;12620.0
233740;2020-10-05;12975.0
233740;2020-10-12;11655.0
233740;2020-10-19;10915.0
233740;2020-10-26;10580.0
233740;2020-11-02;11760.0
233740;2020-11-09;11745.0
233740;2020-11-16;12720.0
233740;2020-11-23;13395.0
233740;2020-11-30;14900.0
233740;2020-12-07;15560.0
233740;2020-12-14;16150.0
233740;2020-12-21;15850.0
233740;2020-12-28;17200.0
233740;2021-01-04;17135.0
233740;2021-01-11;15985.0
233740;2021-01-18;16190.0
233740;2021-01-25;14820.0
233740;2021-02-01;15900.0
233740;2021-02-08;15540.0
233740;2021-02-15;15015.0
233740;2021-02-22;13230.0
233740;2021-03-01;13920.0
233740;2021-03-08;14045.0
233740;2021-03-15;14650.0
233740;2021-03-22;14870.0
233740;2021-03-29;14835.0
233740;2021-04-05;15045.0
233740;2021-04-12;16150.0
233740;2021-04-19;16010.0
233740;2021-04-26;14200.0
233740;2021-05-03;13910.0
233740;2021-05-10;13625.0
233740;2021-05-17;13895.0
233740;2021-05-24;14040.0
233740;2021-05-31;13920.0
233740;2021-06-07;14120.0
233740;2021-06-14;15030.0
233740;2021-06-21;14800.0
233740;2021-06-28;15680.0
233740;2021-07-05;15335.0
233740;2021-07-12;15925.0
233740;2021-07-19;16210.0
233740;2021-07-26;15105.0
233740;2021-08-02;16120.0
233740;2021-08-09;15650.0
233740;2021-08-16;14195.0
233740;2021-08-23;15765.0
233740;2021-08-30;16620.0
233740;2021-09-06;16255.0
233740;2021-09-13;16780.0
233740;2021-09-20;16720.0
233740;2021-09-27;14860.0
233740;2021-10-04;14000.0
233740;2021-10-11;14870.0
233740;2021-10-18;14960.0
233740;2021-10-25;14790.0
233740;2021-11-01;15790.0
233740;2021-11-08;15875.0
233740;2021-11-15;16895.0
233740;2021-11-22;15630.0
233740;2021-11-29;15765.0
233740;2021-12-06;15890.0
233740;2021-12-13;15540.0
233740;2021-12-20;15810.0
233740;2021-12-27;16525.0
233740;2022-01-03;14585.0
233740;2022-01-10;13640.0
233740;2022-01-17;12995.0
233740;2022-01-24;11025.0
233740;2022-01-31;11595.0
233740;2022-02-07;10475.0
233740;2022-02-14;10825.0
233740;2022-02-21;10915.0
233740;2022-02-28;11410.0
233740;2022-03-07;11325.0
233740;2022-03-14;12200.0
233740;2022-03-21;12070.0
233740;2022-03-28;12130.0
233740;2022-04-04;12075.0
233740;2022-04-11;11505.0
233740;2022-04-18;11340.0
233740;2022-04-25;11135.0
233740;2022-05-02;10465.0
233740;2022-05-09;10050.0
233740;2022-05-16;10925.0
233740;2022-05-23;10650.0
233740;2022-05-30;10900.0
233740;2022-06-06;10275.0
233740;2022-06-13;8910.0
233740;2022-06-20;8305.0
233740;2022-06-27;7430.0
233740;2022-07-04;8220.0
233740;2022-07-11;8240.0
233740;2022-07-18;8645.0
233740;2022-07-25;9070.0
233740;2022-08-01;9930.0
233740;2022-08-08;9765.0
233740;2022-08-15;9255.0
233740;2022-08-22;8905.0
233740;2022-08-29;8505.0
233740;2022-09-05;8360.0
233740;2022-09-12;7945.0
233740;2022-09-19;7095.0
233740;2022-09-26;6260.0
233740;2022-10-03;6500.0
233740;2022-10-10;6425.0
233740;2022-10-17;6180.0
233740;2022-10-24;6605.0
233740;2022-10-31;6510.0
233740;2022-11-07;7460.0
233740;2022-11-14;7340.0
233740;2022-11-21;7220.0
233740;2022-11-28;7110.0
233740;2022-12-05;7000.0
233740;2022-12-12;6720.0
233740;2022-12-19;6355.0
233740;2022-12-26;6130.0
233740;2023-01-02;6250.0
233740;2023-01-09;6535.0
233740;2023-01-16;6470.0
233740;2023-01-23;6960.0
233740;2023-01-30;7515.0
233740;2023-02-06;7860.0
233740;2023-02-13;8075.0
233740;2023-02-20;8125.0
233740;2023-02-27;8705.0
233740;2023-03-06;8470.0
233740;2023-03-13;8780.0
233740;2023-03-20;9320.0
233740;2023-03-27;10110.0
233740;2023-04-03;11215.0
233740;2023-04-10;12070.0
233740;2023-04-17;10720.0
233740;2023-04-24;10665.0
233740;2023-05-01;10500.0
233740;2023-05-08;9595.0
233740;2023-05-15;10210.0
233740;2023-05-22;10340.0
233740;2023-05-29;11145.0
233740;2023-06-05;11610.0
233740;2023-06-12;11585.0
233740;2023-06-19;11100.0
233740;2023-06-26;10935.0
233740;2023-07-03;11255.0
233740;2023-07-10;12100.0
233740;2023-07-17;14035.0
233740;2023-07-24;13825.0
233740;2023-07-31;13810.0
233740;2023-08-07;13090.0
233740;2023-08-14;12145.0
233740;2023-08-21;12945.0
233740;2023-08-28;12950.0
233740;2023-09-04;12270.0
233740;2023-09-11;11900.0
233740;2023-09-18;11155.0
233740;2023-09-25;10695.0
233740;2023-10-02;10020.0
233740;2023-10-09;10225.0
233740;2023-10-16;8980.0
233740;2023-10-23;8405.0
233740;2023-10-30;8900.0
233740;2023-11-06;9260.0
233740;2023-11-13;9300.0
233740;2023-11-20;9565.0
233740;2023-11-27;10080.0
233740;2023-12-04;10250.0
233740;2023-12-11;10615.0
233740;2023-12-18;10975.0
233740;2023-12-25;11370.0
233740;2024-01-01;11300.0
233740;2024-01-08;10910.0
233740;2024-01-15;9955.0
233740;2024-01-22;9795.0
233740;2024-01-29;9630.0
233740;2024-02-05;9860.0
233740;2024-02-12;10580.0
233740;2024-02-19;11035.0
233740;2024-02-26;11320.0
233740;2024-03-04;12000.0
233740;2024-03-11;12290.0
233740;2024-03-18;13270.0
233740;2024-03-25;13325.0
233740;2024-04-01;11740.0
233740;2024-04-08;11455.0
233740;2024-04-15;11080.0
233740;2024-04-22;11630.0
233740;2024-04-29;11720.0
233740;2024-05-06;11485.0
233740;2024-05-13;10380.0
233740;2024-05-20;10195.0
233740;2024-05-27;10180.0
233740;2024-06-03;11340.0
233740;2024-06-10;10970.0
233740;2024-06-17;10815.0
233740;2024-06-24;10540.0
233740;2024-07-01;11450.0
233740;2024-07-08;11370.0
233740;2024-07-15;10740.0
233740;2024-07-22;9910.0
233740;2024-07-29;9530.0
233740;2024-08-05;9075.0
233740;2024-08-12;9655.0
233740;2024-08-19;9280.0
233740;2024-08-26;9155.0
233740;2024-09-02;7630.0
233740;2024-09-09;8170.0
233740;2024-09-16;8635.0
233740;2024-09-23;9250.0
233740;2024-09-30;9320.0
233740;2024-10-07;9255.0
233740;2024-10-14;8680.0
233740;2024-10-21;8215.0
233740;2024-10-28;8285.0
233740;2024-11-04;8660.0
233740;2024-11-11;7575.0
233740;2024-11-18;6980.0
233740;2024-11-25;6850.0
233740;2024-12-02;6820.0
233740;2024-12-09;7075.0
233740;2024-12-16;6345.0
233740;2024-12-23;6420.0
233740;2024-12-30;7220.0
233740;2025-01-06;7415.0
233740;2025-01-13;7580.0
233740;2025-01-20;7870.0
233740;2025-01-27;7890.0
233740;2025-02-03;8185.0
233740;2025-02-10;8475.0
233740;2025-02-17;8915.0
233740;2025-02-24;8250.0
233740;2025-03-03;7745.0
233740;2025-03-10;7690.0
233740;2025-03-17;7260.0
233740;2025-03-24;6790.0
233740;2025-03-31;6640.0
233740;2025-04-07;6655.0
233740;2025-04-14;6985.0
233740;2025-04-21;7185.0
233740;2025-04-28;7030.0
233740;2025-05-05;6890.0
233740;2025-05-12;6840.0
233740;2025-05-19;6665.0
233740;2025-05-26;7145.0
233740;2025-06-02;7475.0
233740;2025-06-09;7820.0
233740;2025-06-16;8215.0
233740;2025-06-23;8015.0
233740;2025-06-30;7870.0
233740;2025-07-07;8470.0
233740;2025-07-14;9380.0
233740;2025-07-21;9015.0
233740;2025-07-28;8160.0
233740;2025-08-04;8960.0
233740;2025-08-11;9320.0
233740;2025-08-18;8520.0
233740;2025-08-25;8720.0
233740;2025-09-01;9050.0
233740;2025-09-08;9815.0
233740;2025-09-15;10125.0
233740;2025-09-22;9465.0
233740;2025-09-29;9820.0
233740;2025-10-06;9910.0
233740;2025-10-13;10070.0
233740;2025-10-20;10835.0
233740;2025-10-27;11580.0
233740;2025-11-03;11225.0
233740;2025-11-10;11995.0
233740;2025-11-17;11025.0
233740;2025-11-24;12185.0
233740;2025-12-01;11975.0
233740;2025-12-08;12080.0
233740;2025-12-15;11245.0
233740;2025-12-22;11425.0
233740;2025-12-29;12000.0
233740;2026-01-05;12115.0
233740;2026-01-12;12240.0
233740;2026-01-19;13115.0
233740;2026-01-26;19720.0
233740;2026-02-02;16000.0
233740;2026-02-09;16660.0
233740;2026-02-16;18890.0
233740;2026-02-23;20455.0
233740;2026-03-02;18220.0
233740;2026-03-09;17150.0
233740;2026-03-16;17430.0
233740;2026-03-23;16930.0
233740;2026-03-30;13865.0
233740;2026-04-06;14525.0
233740;2026-04-13;16095.0
233740;2026-04-20;17320.0
233740;2026-04-27;16615.0
233740;2026-05-04;17005.0
233740;2026-05-11;14995.0
233740;2026-05-18;16135.0
233740;2026-05-25;14475.0
233740;2026-06-01;12690.0
233740;2026-06-08;13000.0
233740;2026-06-15;11555.0
233740;2026-06-22;9230.0
233740;2026-06-29;9050.0
233740;2026-07-06;7990.0
233740;2026-07-13;6985.0
233740;2026-07-20;5875.0
233740;2026-07-27;5220.0
233740;2026-08-03;6650.0
233740;2026-08-10;7815.0
233740;2026-08-17;6745.0
233740;2026-08-24;7395.0
233740;2026-08-31;6725.0
233740;2026-09-07;6720.0
233740;2026-09-14;6625.0
233740;2026-09-17;6620.0
267770;2017-04-24;10296.4189453125
267770;2017-05-01;10668.2197265625
267770;2017-05-08;11094.552734375
267770;2017-05-15;11079.6806640625
267770;2017-05-22;11729.09375
267770;2017-05-29;11778.6669921875
267770;2017-06-05;11857.984375
267770;2017-06-12;11699.349609375
267770;2017-06-19;11932.3447265625
267770;2017-06-26;12090.98046875
267770;2017-07-03;11991.8330078125
267770;2017-07-10;12497.482421875
267770;2017-07-17;12859.369140625
267770;2017-07-24;12274.40234375
267770;2017-07-31;12229.7861328125
267770;2017-08-07;11377.12109375
267770;2017-08-14;11803.4541015625
267770;2017-08-21;12001.748046875
267770;2017-08-28;11719.1787109375
267770;2017-09-04;11704.306640625
267770;2017-09-11;12130.638671875
267770;2017-09-18;12368.591796875
267770;2017-09-25;12378.5068359375
267770;2017-10-09;13231.1708984375
267770;2017-10-16;13310.48828125
267770;2017-10-23;13360.0615234375
267770;2017-10-30;14123.494140625
267770;2017-11-06;13880.583984375
267770;2017-11-13;13746.7353515625
267770;2017-11-20;13831.0107421875
267770;2017-11-27;12983.3037109375
267770;2017-12-04;12953.5595703125
267770;2017-12-11;13057.6630859375
267770;2017-12-18;12675.947265625
267770;2017-12-25;13166.7255859375
267770;2018-01-01;13503.8251953125
267770;2018-01-08;13335.275390625
267770;2018-01-15;13553.3984375
267770;2018-01-22;14019.3896484375
267770;2018-01-29;13369.9765625
267770;2018-02-05;11565.5009765625
267770;2018-02-12;12284.31640625
267770;2018-02-19;12457.82421875
267770;2018-02-26;12130.638671875
267770;2018-03-05;12477.6533203125
267770;2018-03-12;12859.369140625
267770;2018-03-19;12026.5341796875
267770;2018-03-26;12259.5302734375
267770;2018-04-02;11972.00390625
267770;2018-04-09;12219.87109375
267770;2018-04-16;12472.6962890625
267770;2018-04-23;12675.947265625
267770;2018-04-30;12388.4208984375
267770;2018-05-07;12497.482421875
267770;2018-05-14;12254.572265625
267770;2018-05-21;12437.994140625
267770;2018-05-28;11986.8759765625
267770;2018-06-04;12150.4677734375
267770;2018-06-11;11743.9658203125
267770;2018-06-18;11282.931640625
267770;2018-06-25;11005.3203125
267770;2018-07-02;10564.1162109375
267770;2018-07-09;10955.74609375
267770;2018-07-16;10846.6845703125
267770;2018-07-23;10906.1728515625
267770;2018-07-30;10717.7939453125
267770;2018-08-06;10608.732421875
267770;2018-08-13;10222.05859375
267770;2018-08-20;10697.9638671875
267770;2018-08-27;10975.576171875
267770;2018-09-03;10514.5419921875
267770;2018-09-10;10811.9833984375
267770;2018-09-17;11054.8935546875
267770;2018-09-24;11089.5947265625
267770;2018-10-01;10430.267578125
267770;2018-10-08;9537.9443359375
267770;2018-10-15;9513.1572265625
267770;2018-10-22;8462.19921875
267770;2018-10-29;9066.99609375
267770;2018-11-05;8952.9765625
267770;2018-11-12;8972.8056640625
267770;2018-11-19;8630.7490234375
267770;2018-11-26;8982.720703125
267770;2018-12-03;8769.5546875
267770;2018-12-10;8566.302734375
267770;2018-12-17;8491.943359375
267770;2018-12-24;8536.5595703125
267770;2018-12-31;8303.5634765625
267770;2019-01-07;8883.5732421875
267770;2019-01-14;9339.650390625
267770;2019-01-21;9880.0009765625
267770;2019-01-28;10142.7412109375
267770;2019-02-04;9870.0869140625
267770;2019-02-11;10028.7216796875
267770;2019-02-18;10336.078125
267770;2019-02-25;10018.8076171875
267770;2019-03-04;9384.2666015625
267770;2019-03-11;9676.75
267770;2019-03-18;9884.958984375
267770;2019-03-25;9478.4560546875
267770;2019-04-01;10187.357421875
267770;2019-04-08;10276.58984375
267770;2019-04-15;10098.125
267770;2019-04-22;9761.0244140625
267770;2019-04-29;9924.6171875
267770;2019-05-06;9131.44140625
267770;2019-05-13;8605.9619140625
267770;2019-05-20;8605.9619140625
267770;2019-05-27;8526.64453125
267770;2019-06-03;8804.255859375
267770;2019-06-10;8928.189453125
267770;2019-06-17;9280.162109375
267770;2019-06-24;9473.498046875
267770;2019-07-01;9275.2041015625
267770;2019-07-08;9156.2275390625
267770;2019-07-15;9285.119140625
267770;2019-07-22;9106.654296875
267770;2019-07-29;8491.943359375
267770;2019-08-05;7971.4208984375
267770;2019-08-12;7862.359375
267770;2019-08-19;8025.95166015625
267770;2019-08-26;8194.501953125
267770;2019-09-02;8586.1328125
267770;2019-09-09;8977.763671875
267770;2019-09-16;9319.8203125
267770;2019-09-23;9027.3369140625
267770;2019-09-30;8754.6826171875
267770;2019-10-07;8992.6357421875
267770;2019-10-14;9076.91015625
267770;2019-10-21;9364.4365234375
267770;2019-10-28;9453.6689453125
267770;2019-11-04;9790.7685546875
267770;2019-11-11;10073.337890625
267770;2019-11-18;9498.28515625
267770;2019-11-25;9324.7783203125
267770;2019-12-02;9295.0341796875
267770;2019-12-09;10212.1435546875
267770;2019-12-16;10544.2861328125
267770;2019-12-23;10792.154296875
267770;2019-12-30;10479.8408203125
267770;2020-01-06;10921.044921875
267770;2020-01-13;11406.865234375
267770;2020-01-20;11312.67578125
267770;2020-01-27;10038.63671875
267770;2020-02-03;10940.8740234375
267770;2020-02-10;11292.8466796875
267770;2020-02-17;10524.45703125
267770;2020-02-24;8848.8720703125
267770;2020-03-02;9275.2041015625
267770;2020-03-09;7113.79931640625
267770;2020-03-16;5463.00146484375
267770;2020-03-23;6340.45263671875
267770;2020-03-30;6236.34814453125
267770;2020-04-06;7098.92724609375
267770;2020-04-13;7550.04638671875
267770;2020-04-20;7227.818359375
267770;2020-04-27;7733.46826171875
267770;2020-05-04;7644.23583984375
267770;2020-05-11;7455.8564453125
267770;2020-05-18;7787.9990234375
267770;2020-05-25;8323.392578125
267770;2020-06-01;9815.5556640625
267770;2020-06-08;9136.3984375
267770;2020-06-15;9111.6123046875
267770;2020-06-22;9156.2275390625
267770;2020-06-29;9225.630859375
267770;2020-07-06;9299.9912109375
267770;2020-07-13;9770.939453125
267770;2020-07-20;9706.494140625
267770;2020-07-27;10276.58984375
267770;2020-08-03;11188.7421875
267770;2020-08-10;11669.60546875
267770;2020-08-17;10727.7080078125
267770;2020-08-24;11154.041015625
267770;2020-08-31;11079.6806640625
267770;2020-09-07;11396.951171875
267770;2020-09-14;11535.7568359375
267770;2020-09-21;10445.1396484375
267770;2020-09-28;10896.2587890625
267770;2020-10-05;11476.2685546875
267770;2020-10-12;11049.9365234375
267770;2020-10-19;11263.1025390625
267770;2020-10-26;10316.248046875
267770;2020-11-02;11763.794921875
267770;2020-11-09;12566.8857421875
267770;2020-11-16;13136.9814453125
267770;2020-11-23;14054.0908203125
267770;2020-11-30;15248.8125
267770;2020-12-07;15595.8271484375
267770;2020-12-14;15541.296875
267770;2020-12-21;16051.9033203125
267770;2020-12-28;17539.109375
267770;2021-01-04;21271.994140625
267770;2021-01-11;20285.482421875
267770;2021-01-18;20905.150390625
267770;2021-01-25;18718.958984375
267770;2021-02-01;20468.904296875
267770;2021-02-08;20211.12109375
267770;2021-02-15;20225.994140625
267770;2021-02-22;19140.333984375
267770;2021-03-01;19353.5
267770;2021-03-08;19695.556640625
267770;2021-03-15;19353.5
267770;2021-03-22;19388.201171875
267770;2021-03-29;20473.861328125
267770;2021-04-05;20468.904296875
267770;2021-04-12;21242.25
267770;2021-04-19;20791.130859375
267770;2021-04-26;20305.310546875
267770;2021-05-03;20949.767578125
267770;2021-05-10;20092.14453125
267770;2021-05-17;20255.73828125
267770;2021-05-24;20672.15625
267770;2021-05-31;21267.037109375
267770;2021-06-07;21316.611328125
267770;2021-06-14;21534.734375
267770;2021-06-21;22020.5546875
267770;2021-06-28;21594.22265625
267770;2021-07-05;20766.345703125
267770;2021-07-12;21490.119140625
267770;2021-07-19;21222.421875
267770;2021-07-26;20483.775390625
267770;2021-08-02;21405.84375
267770;2021-08-09;19700.513671875
267770;2021-08-16;18292.626953125
267770;2021-08-23;19145.291015625
267770;2021-08-30;19943.423828125
267770;2021-09-06;18991.61328125
267770;2021-09-13;19135.376953125
267770;2021-09-20;19056.05859375
267770;2021-09-27;17608.51171875
267770;2021-10-04;17023.544921875
267770;2021-10-11;17568.853515625
267770;2021-10-18;17553.98046875
267770;2021-10-25;17102.861328125
267770;2021-11-01;17231.75390625
267770;2021-11-08;17276.369140625
267770;2021-11-15;17271.412109375
267770;2021-11-22;16750.890625
267770;2021-11-29;17345.7734375
267770;2021-12-06;17712.6171875
267770;2021-12-13;17866.294921875
267770;2021-12-20;18074.50390625
267770;2021-12-27;17876.208984375
267770;2022-01-03;17494.4921875
267770;2022-01-10;17187.13671875
267770;2022-01-17;16230.3681640625
267770;2022-01-24;14693.58984375
267770;2022-01-31;15333.087890625
267770;2022-02-07;15491.72265625
267770;2022-02-14;15536.3388671875
267770;2022-02-21;14713.4189453125
267770;2022-02-28;14921.6279296875
267770;2022-03-07;14351.5322265625
267770;2022-03-14;14951.3720703125
267770;2022-03-21;14926.5849609375
267770;2022-03-28;15060.43359375
267770;2022-04-04;14465.5517578125
267770;2022-04-11;14247.427734375
267770;2022-04-18;14361.447265625
267770;2022-04-25;14346.5751953125
267770;2022-05-02;13840.9248046875
267770;2022-05-09;13602.97265625
267770;2022-05-16;13910.328125
267770;2022-05-23;13781.4365234375
267770;2022-05-30;14113.5791015625
267770;2022-06-06;13260.9150390625
267770;2022-06-13;11565.5009765625
267770;2022-06-20;11049.9365234375
267770;2022-06-27;10514.5419921875
267770;2022-07-04;10921.044921875
267770;2022-07-11;10747.5380859375
267770;2022-07-18;11426.6953125
267770;2022-07-25;11833.1982421875
267770;2022-08-01;12150.4677734375
267770;2022-08-08;12383.4638671875
267770;2022-08-15;12090.98046875
267770;2022-08-22;11857.984375
267770;2022-08-29;11020.1923828125
267770;2022-09-05;10762.41015625
267770;2022-09-12;10673.177734375
267770;2022-09-19;9954.361328125
267770;2022-09-26;8948.01953125
267770;2022-10-03;9508.2001953125
267770;2022-10-10;9414.0107421875
267770;2022-10-17;9354.5224609375
267770;2022-10-24;9790.7685546875
267770;2022-10-31;10390.6083984375
267770;2022-11-07;11758.837890625
267770;2022-11-14;11268.0595703125
267770;2022-11-21;11163.955078125
267770;2022-11-28;11079.6806640625
267770;2022-12-05;10831.8125
267770;2022-12-12;10460.01171875
267770;2022-12-19;10112.9970703125
267770;2022-12-26;9691.6220703125
267770;2023-01-02;10336.078125
267770;2023-01-09;11203.6142578125
267770;2023-01-16;11312.67578125
267770;2023-01-23;12204.9990234375
267770;2023-01-30;12021.5771484375
267770;2023-02-06;11798.49609375
267770;2023-02-13;11600.2021484375
267770;2023-02-20;11317.6328125
267770;2023-02-27;11273.0166015625
267770;2023-03-06;10821.8984375
267770;2023-03-13;10926.0029296875
267770;2023-03-20;11069.765625
267770;2023-03-27;11674.5625
267770;2023-04-03;11748.9228515625
267770;2023-04-10;12517.3125
267770;2023-04-17;12299.1884765625
267770;2023-04-24;11877.8134765625
267770;2023-05-01;11848.0693359375
267770;2023-05-08;11714.2216796875
267770;2023-05-15;12477.6533203125
267770;2023-05-22;12680.9052734375
267770;2023-05-29;13092.365234375
267770;2023-06-05;13444.3369140625
267770;2023-06-12;13285.7021484375
267770;2023-06-19;12775.0947265625
267770;2023-06-26;12804.8388671875
267770;2023-07-03;12274.40234375
267770;2023-07-10;13449.2939453125
267770;2023-07-17;13057.6630859375
267770;2023-07-24;13181.59765625
267770;2023-07-31;12948.6015625
267770;2023-08-07;12770.13671875
267770;2023-08-14;11967.0458984375
267770;2023-08-21;12046.3642578125
267770;2023-08-28;12656.1181640625
267770;2023-09-04;12532.1845703125
267770;2023-09-11;13171.6826171875
267770;2023-09-18;12135.5966796875
267770;2023-09-25;11838.1552734375
267770;2023-10-02;11263.1025390625
267770;2023-10-09;11748.9228515625
267770;2023-10-16;11144.1259765625
267770;2023-10-23;10484.7978515625
267770;2023-10-30;11158.998046875
267770;2023-11-06;11515.927734375
267770;2023-11-13;12095.9375
267770;2023-11-20;12239.7001953125
267770;2023-11-27;12269.4443359375
267770;2023-12-04;12428.080078125
267770;2023-12-11;12908.943359375
267770;2023-12-18;13409.6357421875
267770;2023-12-25;14316.8310546875
267770;2024-01-01;13355.1044921875
267770;2024-01-08;12631.3310546875
267770;2024-01-15;12209.9560546875
267770;2024-01-22;12299.1884765625
267770;2024-01-29;13677.33203125
267770;2024-02-05;13652.5458984375
267770;2024-02-12;13806.2236328125
267770;2024-02-19;14054.0908203125
267770;2024-02-26;13831.0107421875
267770;2024-03-04;14316.8310546875
267770;2024-03-11;14118.537109375
267770;2024-03-18;15144.7080078125
267770;2024-03-25;15407.4482421875
267770;2024-04-01;15144.7080078125
267770;2024-04-08;14743.1630859375
267770;2024-04-15;13538.5263671875
267770;2024-04-22;14202.8115234375
267770;2024-04-29;14450.6796875
267770;2024-05-06;15020.7744140625
267770;2024-05-13;14936.5
267770;2024-05-20;14539.9111328125
267770;2024-05-27;13959.9013671875
267770;2024-06-03;14936.5
267770;2024-06-10;15219.068359375
267770;2024-06-17;15680.1025390625
267770;2024-06-24;15927.9697265625
267770;2024-07-01;16929.35546875
267770;2024-07-08;16641.828125
267770;2024-07-15;15947.7998046875
267770;2024-07-22;15110.0068359375
267770;2024-07-29;14356.4892578125
267770;2024-08-05;13032.876953125
267770;2024-08-12;14321.7880859375
267770;2024-08-19;14336.66015625
267770;2024-08-26;13860.7548828125
267770;2024-09-02;12428.080078125
267770;2024-09-09;12428.080078125
267770;2024-09-16;12477.6533203125
267770;2024-09-23;13285.7021484375
267770;2024-09-30;12259.5302734375
267770;2024-10-07;12527.2265625
267770;2024-10-14;12552.013671875
267770;2024-10-21;12378.5068359375
267770;2024-10-28;11907.5576171875
267770;2024-11-04;12086.0224609375
267770;2024-11-11;10663.2626953125
267770;2024-11-18;11491.140625
267770;2024-11-25;10995.4052734375
267770;2024-12-02;10787.1962890625
267770;2024-12-09;11287.888671875
267770;2024-12-16;10410.4375
267770;2024-12-23;10618.646484375
267770;2024-12-30;10876.4287109375
267770;2025-01-06;11555.5859375
267770;2025-01-13;11580.373046875
267770;2025-01-20;11679.51953125
267770;2025-01-27;11441.5673828125
267770;2025-02-03;11426.6953125
267770;2025-02-10;12071.150390625
267770;2025-02-17;12710.6494140625
267770;2025-02-24;11560.54296875
267770;2025-03-03;11813.3681640625
267770;2025-03-10;11972.00390625
267770;2025-03-17;13037.833984375
267770;2025-03-24;12284.31640625
267770;2025-03-31;11263.1025390625
267770;2025-04-07;10712.8359375
267770;2025-04-14;11094.552734375
267770;2025-04-21;11649.775390625
267770;2025-04-28;11773.7099609375
267770;2025-05-05;11962.0888671875
267770;2025-05-12;12601.5869140625
267770;2025-05-19;12200.0419921875
267770;2025-05-26;13270.830078125
267770;2025-06-02;14515.125
267770;2025-06-09;15338.044921875
267770;2025-06-16;16716.189453125
267770;2025-06-23;17410.21875
267770;2025-06-30;17380.474609375
267770;2025-07-07;18674.341796875
267770;2025-07-14;18942.0390625
267770;2025-07-21;18872.63671875
267770;2025-07-28;17980.314453125
267770;2025-08-04;19065.97265625
267770;2025-08-11;19323.755859375
267770;2025-08-18;18614.853515625
267770;2025-08-25;18788.361328125
267770;2025-09-01;19046.14453125
267770;2025-09-08;21693.369140625
267770;2025-09-15;22665.009765625
267770;2025-09-22;22184.146484375
267770;2025-09-29;24657.865234375
267770;2025-10-06;25872.416015625
267770;2025-10-13;27766.125
267770;2025-10-20;30472.83984375
267770;2025-10-27;33734.77734375
267770;2025-11-03;31127.208984375
267770;2025-11-10;31652.689453125
267770;2025-11-17;29005.462890625
267770;2025-11-24;30547.19921875
267770;2025-12-01;33377.84765625
267770;2025-12-08;34230.51171875
267770;2025-12-15;31965.001953125
267770;2025-12-22;34290.0
267770;2025-12-29;38435.0
267770;2026-01-05;44065.0
267770;2026-01-12;48855.0
267770;2026-01-19;52015.0
267770;2026-01-26;58180.0
267770;2026-02-02;54480.0
267770;2026-02-09;64300.0
267770;2026-02-16;71390.0
267770;2026-02-23;84435.0
267770;2026-03-02;64125.0
267770;2026-03-09;60790.0
267770;2026-03-16;68020.0
267770;2026-03-23;59655.0
267770;2026-03-30;57470.0
267770;2026-04-06;69405.0
267770;2026-04-13;77790.0
267770;2026-04-20;84420.0
267770;2026-04-27;88435.0
267770;2026-05-04;117505.0
267770;2026-05-11;118605.0
267770;2026-05-18;131230.0
267770;2026-05-25;156625.0
267770;2026-06-01;146285.0
267770;2026-06-08;139070.0
267770;2026-06-15;178320.0
267770;2026-06-22;152920.0
267770;2026-06-29;137400.0
267770;2026-07-06;116365.0
267770;2026-07-13;92295.0
267770;2026-07-20;87230.0
267770;2026-07-27;83085.0
267770;2026-08-03;69585.0
267770;2026-08-10;86905.0
267770;2026-08-17;86125.0
267770;2026-08-24;81520.0
267770;2026-08-31;78920.0
267770;2026-09-07;84060.0
267770;2026-09-14;79400.0
267770;2026-09-17;79800.0
