datetime;open;high;low;close;volume
2021-08-02;45.19000;48.19000;43.61000;46.63000;56371600
2021-08-09;46.90000;47.27000;41.56000;43.48000;43356700
2021-08-16;42.91000;43.43000;37.14000;40.43000;56990000
2021-08-23;41.40000;47.5;41.40000;47.30000;52799600
2021-08-30;47.78000;49;45.37000;47.24000;41701400
2021-09-06;47.36000;48.63000;43.76000;46.59000;40490800
2021-09-13;47.80000;49.53000;45.93000;46.75;54380700
2021-09-20;43.75;48.55000;41.16000;47.95000;59804800
2021-09-27;46.52000;48.18000;38.060001;40.070000;84957900
2021-10-04;39.31000;42.029999;36.57000;39.33000;75684000
2021-10-11;38.76000;42.29000;36.47000;41.84000;66743800
2021-10-18;41.14000;46.23000;40.44000;44.049999;52594000
2021-10-25;44.60000;47.65000;43.56000;47.65000;63490200
2021-11-01;47.79000;62.40000;47.45000;60.91000;78616000
2021-11-08;62.099998;65.63000;57.070000;63.35000;75746500
2021-11-15;64.73000;69.87000;61.26000;68.61000;64797100
2021-11-22;69.54000;72.49000;59.85000;61.37000;62725400
2021-11-29;63.95000;70.96000;59.68000;62.93000;105254700
2021-12-06;62.060001;72.52000;56.78000;67.60000;74833600
2021-12-13;68.019997;69.5;56.86000;58.96000;91299500
2021-12-20;56.14000;68.75;55.47000;67.41000;63677000
2021-12-27;68.099998;74.070000;67.83000;68.010002;62042000
2022-01-03;69.050003;74.21000;59.14000;59.74000;100572800
2022-01-10;57.34000;69.18000;53.82000;64.48000;119305700
2022-01-17;60.91000;61.38000;43.40000;43.71000;136003800
2022-01-24;41;47.099998;33.099998;38.41000;234260400
2022-01-31;38.99000;49.5;38.30000;43.46000;181157600
2022-02-07;43.64000;52.21000;38.42000;39.54000;199955400
2022-02-14;39.75;46.5;37.77000;39.63000;207249800
2022-02-21;38.23000;41.84000;31.55000;41.78000;211907300
2022-02-28;40.20000;42.23000;33.36000;34.77000;224172800
2022-03-07;34.82000;35.66000;28.48000;30.69000;243554500
2022-03-14;30.010000;39.67000;27.30000;39.17000;224133600
2022-03-21;38.70000;42.37000;36.59000;42.0099983;192282600
2022-03-28;41.20000;46;34.62000;36.29000;210301100
2022-04-04;36.58000;38.22000;28.15000;28.29000;282263200
2022-04-11;27.040001;28.84000;25.54000;25.61000;229028600
2022-04-18;25.26000;30.85000;24.37000;24.45000;257770100
2022-04-25;23.89000;26.30000;21.48000;22.24000;277316400
2022-05-02;22.38000;28.14000;21.81000;23.35000;325750000
2022-05-09;21.82000;22.91000;17.96000;22.49000;367737600
2022-05-16;21.86000;24.74000;17.66000;20.36000;325658500
2022-05-23;19.93000;25.44000;18.44000;25.26000;281526800
2022-05-30;25.14000;26.28000;22.71000;23.93000;192582600
2022-06-06;25.25;25.58000;18.66000;18.81000;212944300
2022-06-13;16.93000;17.43000;12.78000;13.70000;361082400
2022-06-20;14.54000;15.85000;13.34000;15.81000;215058500
2022-06-27;16.31000;16.58000;11.13000;11.60000;324243200
2022-07-04;10.74000;14.17000;10.53000;13.91000;313483500
2022-07-11;13.25;15.15000;12.13000;15.11000;328243400
2022-07-18;15.83000;19.12000;14.63000;17.65000;394066000
2022-07-25;17.23000;19.99000;16.25;19.83000;301955700
2022-08-01;19.41000;22.27000;19.030001;21.56000;295598600
2022-08-08;20.65000;21.72000;16.91000;21.60000;321064200
2022-08-15;21.24000;21.97000;18.71000;19.17000;266249200
2022-08-22;18.10000;19.38000;15.95000;15.98000;286536800
2022-08-29;15.48000;16.049999;11.97000;12.86000;439079100
2022-09-05;12.91000;14.85000;12.070000;14.65000;344719000
2022-09-12;14.83000;15.050000;11.18000;12.060000;401228500
2022-09-19;11.62000;12.92000;9.45000;10.030000;503274000
2022-09-26;9.91000;10.36000;8.74000;8.86000;569373800
2022-10-03;9.090000;11.92000;8.88000;9.21000;603360700
2022-10-10;9.070000;9.090000;6.21000;6.93000;922189200
2022-10-17;7.47000;8.64000;7.040000;8.58000;782331500
2022-10-24;8.64000;9.67000;8.080000;9.5;676878100
2022-10-31;9.30000;9.77000;7.53000;8.99000;710685200
2022-11-07;9.27000;13.41000;8.88000;13.22000;723403600
2022-11-14;12.99000;14.44000;11.31000;12.49000;626707200
2022-11-21;12.070000;13.75;11.74000;12.86000;326732900
2022-11-28;12.36000;14.13000;11.5;13.030000;506396500
2022-12-05;12.80000;13.16000;11.33000;12.32000;434970900
2022-12-12;12.14000;14.91000;10.77000;11.11000;589168900
2022-12-19;11.12000;11.27000;9.11000;9.77000;482417100
2022-12-26;9.58000;9.83000;8.74000;9.67000;317395200
2023-01-02;10.17000;11.070000;9.19000;10.87000;418891800
2023-01-09;11.53000;13.080000;11.19000;12.95000;517572300
2023-01-16;12.88000;13.76000;11.62000;12.79000;346090900
2023-01-23;13.18000;15.36000;13.13000;14.98000;507264900
2023-01-30;14.35000;18.40000;13.64000;16.93000;540158400
2023-02-06;16.12000;17.90000;15.25;15.80000;431989700
2023-02-13;15.99000;17.59000;15.040000;15.5;411076400
2023-02-20;14.79000;15.34000;13.54000;14.31000;307473100
2023-02-27;14.96000;15.77000;13.66000;15.68000;330570600
2023-03-06;15.83000;16.54000;13.81000;14.050000;411269200
2023-03-13;13.61000;16.90000;13.15000;16.13000;542237400
2023-03-20;16.14000;18.17000;15.78000;16.57000;421760400
2023-03-27;16.76000;18.34000;14.90000;18.30000;379149000
2023-04-03;17.92000;18.16000;15.090000;15.66000;274095100
2023-04-10;15.22000;16.79000;15.040000;15.58000;308650100
2023-04-17;15.10000;16.36000;14.48000;14.86000;300247500
2023-04-24;14.78000;15.040000;12.52000;14.23000;360488600
2023-05-01;14.46000;14.91000;13.22000;14.47000;314391500
2023-05-08;14.46000;14.70000;13.59000;14.020000;277831300
2023-05-15;14.10000;17.80000;13.97000;17.39000;336335400
2023-05-22;16.92000;23.26000;15.49000;22.88000;410440700
2023-05-29;24.57000;24.80000;20.83000;22.020000;313037200
2023-06-05;21.75;23.49000;20.43000;22.40000;243344900
2023-06-12;23.20000;26.79000;23.13000;25.24000;340065200
2023-06-19;24.86000;25.55000;21.52000;21.89000;191266600
2023-06-26;22.32000;25.17000;22.010000;24.83000;250073000
2023-07-03;25.26000;25.75;22.040001;22.96000;154159900
2023-07-10;23.16000;28.030001;23.080000;26.23000;228876700
2023-07-17;26.28000;28.55000;23.87000;24.92000;255563800
2023-07-24;24.91000;28.44000;24.21000;28.15000;267144800
2023-07-31;28.46000;28.75;24.070000;24.88000;265886700
2023-08-07;25.46000;25.78000;21.010000;21.14000;274198800
2023-08-14;20.86000;22.96000;19.11000;20.15000;269359200
2023-08-21;20.51000;23.92000;19.40000;20.66000;347530700
2023-08-28;21.26000;24.51000;20.76000;24.020000;286530800
2023-09-04;23.75;24.58000;21;21.5;187289900
2023-09-11;22.24000;22.31000;19.45000;19.79000;291832200
2023-09-18;19.29000;20.18000;17.39000;17.84000;283325700
2023-09-25;17.61000;19.66000;16.89000;18.87000;372832100
2023-10-02;18.95000;19.79000;17.53000;19.47000;373906600
2023-10-09;18.92000;21.57000;18.45000;18.98000;364998600
2023-10-16;19.13000;20;16.57000;16.64000;436540400
2023-10-23;16.35000;17.26000;14.48000;15.10000;469436400
2023-10-30;14.82000;18.76000;14.010000;18.38000;458011800
2023-11-06;18.45000;20.78000;17.73000;20.60000;331040700
2023-11-13;20.11000;23.29000;19.58000;23.13000;345364400
2023-11-20;23.090000;24.42000;22.45000;23.090000;206914000
2023-11-27;22.79000;24.30000;21.84000;23.070000;277202800
2023-12-04;22.36000;24.040001;21.29000;23.70000;314403600
2023-12-11;24.39000;31.59000;24.31000;30.57000;370784900
2023-12-18;30.56000;31.080000;28.049999;30.51000;249588400
2023-12-25;30.93000;32.78000;30.89000;31.40000;184661400
2024-01-01;29.89000;29.90000;24.80000;25.93000;290926200
2024-01-08;26.49000;29.14000;26.43000;28.10000;329795100
2024-01-15;28.15000;34.99000;26.96000;34.86000;345921800
2024-01-22;35.68000;39.53000;33.70000;34.0099983;375202200
2024-01-29;34.23000;35.13000;31.14000;33.65000;324418300
2024-02-05;34.55000;39.54000;32.66000;39.32000;317368300
2024-02-12;39.41000;41.33000;35.16000;38.33000;359040900
2024-02-19;37.24000;42.68000;34.58000;40.17000;311758900
2024-02-26;41.22000;48.95000;39.15000;48.33000;301696400
2024-03-04;50;56.99000;45.26000;48.95000;469818900
2024-03-11;46.94000;49.69000;41.62000;42.74000;395592400
2024-03-18;44.70000;48.76000;38.95000;46.43000;367485000
2024-03-25;44.5;47.37000;43.91000;46.53000;212943600
2024-04-01;46.73000;49.99000;41.94000;43.62000;328603700
2024-04-08;44.5;46.049999;41.029999;41.51000;328408300
2024-04-15;42.99000;43.40000;30.20000;30.79000;405682700
2024-04-22;31.58000;40.29000;30.5;39.80000;351697800
2024-04-29;39.60000;41.49000;33.65000;38.97000;319968000
2024-05-06;39.97000;42.24000;38.96000;41.029999;239829400
2024-05-13;41.60000;48.029999;41.049999;45.40000;217501700
2024-05-20;45.96000;53.20000;45.81000;51.44000;276506600
2024-05-27;53.34000;54.89000;44.38000;48.59000;204755800
2024-06-03;50.81000;53.87000;46.12000;51.87000;260576200
2024-06-10;50.52000;61.49000;50.42000;60.099998;240088600
2024-06-17;61;66.19000;56.029999;58.20000;212473600
2024-06-24;56.45000;58.58000;52.35000;55.36000;230693900
2024-07-01;55.36000;62.38000;52.25;60.81000;166984800
2024-07-08;62.26000;70.080002;61.22000;63.94000;259347100
2024-07-15;64.94000;66.76000;46.75;47;357646600
2024-07-22;50.049999;52.95000;37.39000;41.92000;440476800
2024-07-29;43.37000;45;28.14000;29.34000;648363200
2024-08-05;23.52000;31.94000;23.5;31.010000;750546600
2024-08-12;31.11000;40.47000;30.23000;39.73000;494824000
2024-08-19;39.28000;42.88000;37.11000;40.40000;439958300
2024-08-26;39.75;40.29000;35.29000;38.79000;445248800
2024-09-02;36.80000;36.81000;25.5;25.96000;505061300
2024-09-09;27.18000;33.72000;26.15000;33.43000;486593500
2024-09-16;32.029999;36.44000;30.84000;33.55000;512893200
2024-09-23;33.97000;40.51000;33.19000;37.66000;440114000
2024-09-30;36.25;37.53000;32.74000;36.68000;468678200
2024-10-07;35.92000;39.049999;35.57000;38.67000;345396200
2024-10-14;39.44000;41.19000;33.64000;35.27000;425812300
2024-10-21;34.84000;36.87000;32.29000;35.28000;334696000
2024-10-28;35.30000;38.45000;29.23000;30.83000;429553200
2024-11-04;30.61000;36.37000;30.010000;35.41000;362102500
2024-11-11;34.35000;34.41000;26.43000;26.66000;449674100
2024-11-18;26.70000;28.92000;26;28.49000;377294700
2024-11-25;29.58000;30.25;25.58000;28.059999;282279300
2024-12-02;28.56000;31.56000;28.46000;29.61000;325053300
2024-12-09;29.070000;31.31000;26.56000;30.70000;373553600
2024-12-16;31.12000;32.95000;25.59000;27.30000;447481200
2024-12-23;27.89000;31.10000;27.86000;29.69000;223795000
2024-12-30;28.24000;30.12000;26.93000;29.82000;279174400
2025-01-06;31.81000;33.73000;27.44000;28.059999;329283700
2025-01-13;26.44000;32.71000;26.25;32.49000;366077100
2025-01-20;33.33000;36.15000;32.31000;32.65000;223619000
2025-01-27;27.66000;29.25;23.75;27.020000;585521700
2025-02-03;24.80000;28.28000;24.31000;26.33000;382431400
2025-02-10;26.92000;28.82000;25.95000;28.55000;259326200
2025-02-17;29.20000;32.64000;28.40000;28.81000;231504600
2025-02-24;29.16000;29.26000;21.020000;22.73000;486282100
2025-03-03;23.72000;23.73000;18.75;20.88000;717271100
2025-03-10;19.34000;19.93000;16.51000;19.80000;685015600
2025-03-17;19.51000;21.37000;18.37000;19.28000;409913700
2025-03-24;20.48000;21.37000;15.74000;16.030001;485129300
2025-03-31;15.070000;16.89000;8.18000;8.73000;1160761300
2025-04-07;7.88000;13.11000;7.23000;10.23000;3099256300
2025-04-14;11.15000;11.16000;8.33000;9.20000;1184949300
2025-04-21;8.67000;12.59000;8.15000;12.34000;1487061300
2025-04-28;12.16000;13.69000;10.75;13.29000;1043667300
2025-05-05;12.93000;14.47000;12.12000;14.11000;828291800
2025-05-12;16.89000;19.37000;16.5;18.39000;910437100
2025-05-19;17.15000;18.59000;15.10000;15.73000;681893000
2025-05-26;16.74000;18.21000;15.24000;16.17000;639090800
2025-06-02;16.059999;19.99000;16.040001;19.18000;710702100
2025-06-09;19.71000;22.60000;19.68000;20.040001;733266100
2025-06-16;20.83000;22.53000;20.37000;21.21000;495324500
2025-06-23;21.18000;25.84000;20.28000;25.11000;576411100
2025-06-30;25.49000;26.72000;23.58000;26.43000;355165200
2025-07-07;25.73000;27.73000;24.62000;27.29000;430031700
2025-07-14;26.64000;28.46000;24.91000;27.33000;487906100
2025-07-21;27.56000;28.5;24.83000;25.60000;449912300
2025-07-28;26.38000;28.16000;22.57000;24.080000;552674100
2025-08-04;24.59000;25.88000;22.95000;25.71000;477763000
2025-08-11;26.030001;29.66000;25.45000;27.37000;468708000
2025-08-18;27.10000;28.32000;23.66000;27.45000;428554000
2025-08-25;27.35000;29.11000;25.67000;26.040001;356815900
2025-09-01;24.080000;26.97000;23.80000;26.45000;373779500
2025-09-08;26.96000;29.61000;26.57000;29.30000;337368000
2025-09-15;29.14000;34.14000;28.92000;33.020000;366519500
2025-09-22;33.20000;35.30000;31.36000;34.020000;325893900
2025-09-29;35.029999;40.060001;33.57000;38.23000;322472100
2025-10-06;42.83000;43.37000;34.17000;34.21000;541360600
2025-10-13;38.23000;41.93000;35.95000;40.29000;467172500
2025-10-20;41.16000;44.16000;35.97000;43.14000;369797400
2025-10-27;45.49000;50.76000;45.14000;47.78000;367554600
2025-11-03;49.5;50.19000;37.040001;41.74000;466266900
2025-11-10;45.060001;45.52000;35.15000;38.86000;484339200
2025-11-17;37.90000;40.080002;28.12000;31.73000;810332800
2025-11-24;32.69000;41.33000;32.049999;41.26000;378861500
2025-12-01;39.58000;48.049999;39.46000;46.5;440168400
2025-12-08;47.56000;50.090000;41.060001;41.71000;442902600
2025-12-15;43.11000;43.42000;35.70000;41.72000;488592300
2025-12-22;44.45000;44.79000;42.22000;44.21000;175897300
2025-12-29;42.98000;48.090000;42.0099983;47.24000;272784000
2026-01-05;50.35000;54.76000;48.13000;53.95000;420423800
2026-01-12;52.39000;62.19000;52.35000;60.75;333747800
2026-01-19;57.34000;66.96000;57.22000;61.60000;295643400
2026-01-26;60.75;71.98000;59.60000;61.79000;339515700
2026-02-02;59.46000;67.62000;49.33000;61.75;525393400
2026-02-09;59.99000;70.86000;59.29000;64.59000;385496000
2026-02-16;62.020000;68.45000;59.56000;67.11000;298614800
2026-02-23;65.85000;72.36000;60.66000;62.77000;354648300
2026-03-02;58.11000;62.82000;46.80000;47.89000;526338700
2026-03-09;45.51000;57.78000;44.53000;50.72000;491541700
2026-03-16;54.060001;56.48000;48.5;51.14000;410362600
2026-03-23;54.63000;58.25;45.96000;46.61000;507856400
2026-03-30;47.86000;54.090000;39.52000;52.75;504175600
2026-04-06;53.75;78.30000;52.13000;76.39000;445999400
2026-04-13;75.59000;94.75;75.25;94.68000;325445900
2026-04-20;95.97000;130.12000;92.029999;128.32001;352342500
2026-04-27;128.33000;131.38000;103.99000;130.39999;322415000
2026-05-04;132.20000;177.5;123.80000;176.94000;283556700
2026-05-11;181;191.28999;150.58000;164.17999;307169500
2026-05-18;172.95000;195.27000;135.020004;190.56000;317319400
2026-05-25;211.38000;242.66000;204;224.34000;211454900
2026-06-01;217.27000;284.57999;181.81000;182.53999;297432800
2026-06-08;210.62000;242.39999;157.56000;234.67999;410771500
2026-06-15;265.98999;286.14999;226;279.29001;193133100
2026-06-22;299.26001;302;211.13000;215.60001;273507000
2026-06-29;216.36000;272;168.88000;181.47000;236890800
2026-07-06;197.21001;210.80000;150.080002;192.25999;275046600
2026-07-13;174.61000;188.42999;116.47000;135.47000;351118400
2026-07-20;143.52000;165.75;132.55000;136.81000;284995600
2026-07-27;140.64999;148.020004;91.5;114.72000;578269200
2026-08-03;106.15000;144.34000;102.089996;140.25;345008700
