datetime;open;high;low;close;volume;adjclose
2010-03-08;0.6424999833106995;0.6653329730033875;0.6424999833106995;0.6441670060157776;8250000;0.586005687713623
2010-03-15;0.6311669945716858;0.7070000171661377;0.6141669750213623;0.650833010673523;7584000;0.5920699238777161
2010-03-22;0.6380000114440918;0.7455000281333923;0.6343330144882202;0.6871669888496399;16308000;0.6251233220100403
2010-03-29;0.7093330025672913;0.7571669816970825;0.6981670260429382;0.710332989692688;6024000;0.6461974382400513
2010-04-05;0.7373329997062683;0.7821670174598694;0.6901670098304749;0.7588329911231995;12636000;0.6903186440467834
2010-04-12;0.7703329920768738;0.9231669902801514;0.7611669898033142;0.8691669702529907;28926000;0.790690541267395
2010-04-19;0.8399999737739563;0.9160000085830688;0.7918329834938049;0.9051669836044312;24600000;0.8234401941299438
2010-04-26;0.913332998752594;0.9380000233650208;0.7453330159187317;0.7471669912338257;31764000;0.679705798625946
2010-05-03;0.7576670050621033;0.8140000104904175;0.41666701436042786;0.5788329839706421;61830000;0.5265705585479736
2010-05-10;0.6800000071525574;0.7308329939842224;0.5676670074462891;0.6039999723434448;122094000;0.5494653582572937
2010-05-17;0.5911669731140137;0.6553329825401306;0.503832995891571;0.574167013168335;78432000;0.5223259925842285
2010-05-24;0.5628330111503601;0.6406670212745667;0.4749999940395355;0.6028329730033875;55878000;0.5484036207199097
2010-05-31;0.5989999771118164;0.652999997138977;0.5525000095367432;0.5616670250892639;38376000;0.5109544992446899
2010-06-07;0.569832980632782;0.578000009059906;0.45683300495147705;0.5598329901695251;55464000;0.5092863440513611
2010-06-14;0.5868330001831055;0.6896669864654541;0.5691670179367065;0.6658329963684082;49038000;0.6057155132293701
2010-06-21;0.695667028427124;0.7131670117378235;0.536666989326477;0.5671669840812683;47490000;0.5159578919410706
2010-06-28;0.5615000128746033;0.5923330187797546;0.4345000088214874;0.46766701340675354;56808000;0.42544180154800415
2010-07-05;0.4956670105457306;0.5601670145988464;0.4548330008983612;0.5546669960021973;59928000;0.5045865774154663
2010-07-12;0.5573329925537109;0.6466670036315918;0.541333019733429;0.5423330068588257;56352000;0.4933663010597229
2010-07-19;0.559499979019165;0.6154999732971191;0.5196670293807983;0.6113330125808716;50340000;0.5561362504959106
2010-07-26;0.6116669774055481;0.6471670269966125;0.5076670050621033;0.5351669788360596;74772000;0.4868472218513489
2010-08-02;0.5621669888496399;0.5716670155525208;0.5291669964790344;0.5496670007705688;55200000;0.5000379681587219
2010-08-09;0.5536670088768005;0.5666670203208923;0.40666699409484863;0.4223330020904541;94692000;0.3842008411884308
2010-08-16;0.4183329939842224;0.4645000100135803;0.4083330035209656;0.43983298540115356;60054000;0.40012088418006897
2010-08-23;0.452333003282547;0.45433300733566284;0.3713330030441284;0.414667010307312;87606000;0.3772270679473877
2010-08-30;0.4086669981479645;0.44749999046325684;0.3548330068588257;0.43799999356269836;122496000;0.3984532952308655
2010-09-06;0.4341669976711273;0.4375;0.375667005777359;0.39316698908805847;146820000;0.3576682507991791
2010-09-13;0.4050000011920929;0.46799999475479126;0.40450000762939453;0.45966699719429016;114900000;0.41816407442092896
2010-09-20;0.4598329961299896;0.5076670050621033;0.42216700315475464;0.5049999952316284;129558000;0.45953625440597534
2010-09-27;0.5088329911231995;0.550000011920929;0.48183301091194153;0.5139999985694885;138246000;0.4677259922027588
2010-10-04;0.5109999775886536;0.5285000205039978;0.475832998752594;0.5224999785423279;121932000;0.4754607677459717
2010-10-11;0.5224999785423279;0.5583329796791077;0.515999972820282;0.5536670088768005;107796000;0.5038220286369324
2010-10-18;0.550832986831665;0.5523329973220825;0.5011669993400574;0.5498329997062683;135396000;0.5003331303596497
2010-10-25;0.5583329796791077;0.6299999952316284;0.5418329834938049;0.6251670122146606;67758000;0.5688850283622742
2010-11-01;0.6296669840812683;0.7366669774055481;0.6039999723434448;0.7263330221176147;86238000;0.6609430909156799
2010-11-08;0.7223330140113831;0.7415000200271606;0.6215000152587891;0.6743329763412476;87078000;0.6136246919631958
2010-11-15;0.6893330216407776;0.7020000219345093;0.6213330030441284;0.6970000267028809;58494000;0.6342511177062988
2010-11-22;0.6990000009536743;0.7638329863548279;0.6928330063819885;0.7471669912338257;84726000;0.6799017190933228
2010-11-29;0.7346670031547546;0.8431670069694519;0.7073330283164978;0.8389999866485596;67668000;0.763467013835907
2010-12-06;0.8418329954147339;0.8763329982757568;0.8133329749107361;0.8643329739570618;57102000;0.7865192294120789
2010-12-13;0.881833016872406;0.881833016872406;0.7921670079231262;0.8316670060157776;45162000;0.7567943930625916
2010-12-20;0.828000009059906;0.8476669788360596;0.8115000128746033;0.8333330154418945;46470000;0.7583104968070984
2010-12-27;0.8178330063819885;0.8414999842643738;0.8025000095367432;0.8331670165061951;26664000;0.758159339427948
2011-01-03;0.8495000004768372;0.929332971572876;0.828000009059906;0.9168329834938049;57972000;0.8342928290367126
2011-01-10;0.911666989326477;1.0920000076293945;0.8999999761581421;1.0920000076293945;56088000;0.9936904311180115
2011-01-17;1.0800000429153442;1.0920000076293945;0.9304999709129333;0.9508330225944519;59892000;0.8652321696281433
2011-01-24;0.9613329768180847;1.1039999723434448;0.9599999785423279;0.9948329925537109;98430000;0.9052708745002747
2011-01-31;1.0033329725265503;1.1660000085830688;0.9666669964790344;1.1634999513626099;80208000;1.058753490447998
2011-02-07;1.1759999990463257;1.1916669607162476;1.0786670446395874;1.1626670360565186;62424000;1.057995319366455
2011-02-14;1.176332950592041;1.25600004196167;1.1398329734802246;1.2298330068588257;68640000;1.119114637374878
2011-02-21;1.1663329601287842;1.1743329763412476;0.9816669821739197;1.1571669578552246;155994000;1.052990436553955
2011-02-28;1.1816669702529907;1.1816669702529907;1.0528329610824585;1.1273330450057983;193002000;1.0258424282073975
2011-03-07;1.1291669607162476;1.1441669464111328;0.8568329811096191;0.8985000252723694;242454000;0.8176106810569763
2011-03-14;0.8945000171661377;0.9296669960021973;0.7823330163955688;0.8445000052452087;182382000;0.7684720158576965
2011-03-21;0.8746669888496399;0.9801669716835022;0.8399999737739563;0.9484999775886536;165120000;0.863109290599823
2011-03-28;0.963333010673523;1.008167028427124;0.9136670231819153;0.9238330125808716;137496000;0.8406628370285034
2011-04-04;0.9288330078125;1.0166670083999634;0.883167028427124;0.9666669964790344;141858000;0.8796408176422119
2011-04-11;0.9736670255661011;0.9736670255661011;0.8529999852180481;0.9100000262260437;119190000;0.8280752301216125
2011-04-18;0.8773329854011536;1.0041669607162476;0.839667022228241;0.980666995048523;126786000;0.8923802375793457
2011-04-25;0.9778329730033875;1.0341670513153076;0.9711670279502869;1.024999976158142;109464000;0.9327220916748047
2011-05-02;1.034999966621399;1.034999966621399;0.9231669902801514;0.9850000143051147;157074000;0.8963232636451721
2011-05-09;0.9850000143051147;1.0153330564498901;0.9476670026779175;0.9671670198440552;97998000;0.8800957202911377
2011-05-16;0.9645000100135803;0.988332986831665;0.866832971572876;0.9110000133514404;108918000;0.828985333442688
2011-05-23;0.8801670074462891;0.9211670160293579;0.8199999928474426;0.9131669998168945;100482000;0.8309571146965027
2011-05-30;0.9416670203208923;0.9541670083999634;0.818166971206665;0.8218330144882202;88038000;0.7478456497192383
2011-06-06;0.8176670074462891;0.8385000228881836;0.7145000100135803;0.7301669716835022;118068000;0.6644320487976074
2011-06-13;0.7304999828338623;0.7620000243186951;0.6441670060157776;0.6510000228881836;89298000;0.5923923254013062
2011-06-20;0.6470000147819519;0.7245000004768372;0.6438329815864563;0.6713330149650574;132960000;0.6108948588371277
2011-06-27;0.6713330149650574;0.8166670203208923;0.6516669988632202;0.8131669759750366;112518000;0.7399597764015198
2011-07-04;0.8088330030441284;0.8316670060157776;0.7534999847412109;0.7816669940948486;61668000;0.7112955451011658
2011-07-11;0.7663329839706421;0.7870000004768372;0.6274999976158142;0.6510000228881836;161628000;0.5923923254013062
2011-07-18;0.6428329944610596;0.7483329772949219;0.6091669797897339;0.7413330078125;151206000;0.6745929718017578
2011-07-25;0.7193329930305481;0.7558330297470093;0.602666974067688;0.6305000185966492;159900000;0.5737378001213074
2011-08-01;0.6568329930305481;0.666333019733429;0.4186669886112213;0.45833298563957214;265296000;0.41707050800323486
2011-08-08;0.4081670045852661;0.49983298778533936;0.3700000047683716;0.4690000116825104;184608000;0.42677733302116394
2011-08-15;0.47749999165534973;0.49766701459884644;0.35499998927116394;0.3569999933242798;131004000;0.32486027479171753
2011-08-22;0.3869999945163727;0.4343329966068268;0.35966700315475464;0.4198330044746399;197670000;0.38203662633895874
2011-08-29;0.4408330023288727;0.4884999990463257;0.3963330090045929;0.40400001406669617;133362000;0.3676290214061737
2011-09-05;0.36649999022483826;0.4740000069141388;0.36466699838638306;0.4259999990463257;144450000;0.38764840364456177
2011-09-12;0.4148330092430115;0.5733330249786377;0.4148330092430115;0.5558329820632935;287784000;0.5057929754257202
2011-09-19;0.5303329825401306;0.5504999756813049;0.413332998752594;0.46216699481010437;359370000;0.4205593168735504
2011-09-26;0.47883298993110657;0.5163329839706421;0.3833329975605011;0.38350000977516174;362094000;0.34897467494010925
2011-10-03;0.37583300471305847;0.45649999380111694;0.32600000500679016;0.44133299589157104;353748000;0.40160107612609863
2011-10-10;0.460332989692688;0.5373330116271973;0.460332989692688;0.5346670150756836;195348000;0.48653241991996765
2011-10-17;0.5220000147819519;0.5266669988632202;0.4363330006599426;0.49300000071525574;215706000;0.448616623878479
2011-10-24;0.5041670203208923;0.5985000133514404;0.48966699838638306;0.5931670069694519;264768000;0.5397657752037048
2011-10-31;0.5751670002937317;0.5751670002937317;0.485166996717453;0.5673329830169678;171372000;0.5162574648857117
2011-11-07;0.5591670274734497;0.5824999809265137;0.4866670072078705;0.5611670017242432;184704000;0.5106468200683594
2011-11-14;0.5529999732971191;0.5808330178260803;0.46950000524520874;0.47699999809265137;217260000;0.43405699729919434
2011-11-21;0.45683300495147705;0.4591670036315918;0.37633299827575684;0.37633299827575684;122082000;0.3424527645111084
2011-11-28;0.4198330044746399;0.5061669945716858;0.40233299136161804;0.4798330068588257;151170000;0.4366350471973419
2011-12-05;0.503000020980835;0.5131670236587524;0.44133299589157104;0.48249998688697815;128418000;0.43906185030937195
2011-12-12;0.45283299684524536;0.45866701006889343;0.3855000138282776;0.4003329873085022;139926000;0.36429208517074585
2011-12-19;0.40450000762939453;0.4498330056667328;0.36500000953674316;0.44883298873901367;141330000;0.40842580795288086
2011-12-26;0.4424999952316284;0.4576669931411743;0.4241670072078705;0.43266698718070984;72762000;0.3937152028083801
2012-01-02;0.46000000834465027;0.4733330011367798;0.4313330054283142;0.47166699171066284;84786000;0.42920416593551636
2012-01-09;0.4796670079231262;0.5386670231819153;0.47666698694229126;0.5019999742507935;109920000;0.45680633187294006
2012-01-16;0.5220000147819519;0.6313329935073853;0.5061669945716858;0.6281669735908508;126312000;0.5716150403022766
2012-01-23;0.6320000290870667;0.6543329954147339;0.6051669716835022;0.6246669888496399;96762000;0.5684300065040588
2012-01-30;0.6103330254554749;0.6951670050621033;0.5833330154418945;0.6855000257492065;121464000;0.623786449432373
2012-02-06;0.6790000200271606;0.7038329839706421;0.6433330178260803;0.6524999737739563;112206000;0.5937572717666626
2012-02-13;0.6725000143051147;0.7459999918937683;0.6343330144882202;0.7110000252723694;122166000;0.6469907164573669
2012-02-20;0.7163329720497131;0.7166669964790344;0.6466670036315918;0.6711670160293579;54732000;0.6107437610626221
2012-02-27;0.6579999923706055;0.714667022228241;0.6448330283164978;0.6531670093536377;86754000;0.5943641662597656
2012-03-05;0.6464999914169312;0.6626669764518738;0.5665000081062317;0.6610000133514404;140088000;0.6014921069145203
2012-03-12;0.661666989326477;0.7256669998168945;0.6355000138282776;0.7183330059051514;129720000;0.6536635756492615
2012-03-19;0.7149999737739563;0.7444999814033508;0.6938329935073853;0.7213330268859863;74712000;0.6563934087753296
2012-03-26;0.7398329973220825;0.7674999833106995;0.6958330273628235;0.7336670160293579;82596000;0.66761714220047
2012-04-02;0.7283329963684082;0.7403330206871033;0.6341670155525208;0.6576669812202454;97884000;0.5984591245651245
2012-04-09;0.6276670098304749;0.6675000190734863;0.5914999842643738;0.6241670250892639;99156000;0.5679751634597778
2012-04-16;0.640500009059906;0.6625000238418579;0.5721669793128967;0.574167013168335;130254000;0.522476315498352
2012-04-23;0.5534999966621399;0.6209999918937683;0.5336670279502869;0.6151670217514038;134952000;0.5597853064537048
2012-04-30;0.6136670112609863;0.6273329854011536;0.5375000238418579;0.5391669869422913;108210000;0.4906272888183594
2012-05-07;0.5311669707298279;0.5475000143051147;0.48833298683166504;0.5263329744338989;133032000;0.478948712348938
2012-05-14;0.5105000138282776;0.5231670141220093;0.4108330011367798;0.41350001096725464;146166000;0.3762737810611725
2012-05-21;0.41533300280570984;0.44666698575019836;0.4099999964237213;0.4393329918384552;150258000;0.39978110790252686
2012-05-28;0.4526669979095459;0.47133299708366394;0.375;0.37549999356269836;107028000;0.34169480204582214
2012-06-04;0.3768329918384552;0.45583298802375793;0.36033299565315247;0.4359999895095825;160974000;0.3967480957508087
2012-06-11;0.4538330137729645;0.45583298802375793;0.40733298659324646;0.4418329894542694;124962000;0.4020560085773468
2012-06-18;0.43366700410842896;0.4981670081615448;0.4300000071525574;0.4490000009536743;164466000;0.4085777699947357
2012-06-25;0.43766701221466064;0.4708330035209656;0.3963330090045929;0.4699999988079071;169152000;0.42768728733062744
2012-07-02;0.47916701436042786;0.4894999861717224;0.4291670024394989;0.44133299589157104;83418000;0.40160107612609863
2012-07-09;0.4363330006599426;0.4428330063819885;0.3561669886112213;0.37583300471305847;187704000;0.34199780225753784
2012-07-16;0.3706670105457306;0.4288330078125;0.3403330147266388;0.3988330066204071;244800000;0.3629271984100342
2012-07-23;0.37333300709724426;0.46583300828933716;0.35933300852775574;0.4620000123977661;196974000;0.42040756344795227
2012-07-30;0.4625000059604645;0.4916670024394989;0.4406670033931732;0.4833329916000366;152934000;0.43981996178627014
2012-08-06;0.4925000071525574;0.546999990940094;0.4881669878959656;0.5451670289039612;90684000;0.49608704447746277
2012-08-13;0.5451670289039612;0.5566669702529907;0.5078330039978027;0.5451670289039612;82614000;0.49608704447746277
2012-08-20;0.5411670207977295;0.5531669855117798;0.5;0.5186669826507568;115122000;0.47197291254997253
2012-08-27;0.5239999890327454;0.5245000123977661;0.48533299565315247;0.507332980632782;59550000;0.4616592228412628
2012-09-03;0.5059999823570251;0.5386670231819153;0.47749999165534973;0.5263329744338989;95592000;0.478948712348938
2012-09-10;0.5180000066757202;0.5619999766349792;0.49549999833106995;0.5448330044746399;105732000;0.4957832098007202
2012-09-17;0.5523329973220825;0.5523329973220825;0.49000000953674316;0.4996669888496399;63168000;0.4546833336353302
2012-09-24;0.4866670072078705;0.48933300375938416;0.4148330092430115;0.4493330121040344;120846000;0.4088808298110962
2012-10-01;0.4569999873638153;0.47633299231529236;0.4403330087661743;0.4544999897480011;74928000;0.4135826528072357
2012-10-08;0.44666698575019836;0.44783300161361694;0.3966670036315918;0.3970000147819519;118740000;0.36125925183296204
2012-10-15;0.40266698598861694;0.4461669921875;0.38966700434684753;0.39033299684524536;142422000;0.3551923334598541
2012-10-22;0.39583298563957214;0.4059999883174896;0.37333300709724426;0.39583298563957214;159336000;0.3601972162723541
2012-10-29;0.4000000059604645;0.44016700983047485;0.3916670083999634;0.41133299469947815;107400000;0.37430182099342346
2012-11-05;0.4108330011367798;0.4538330137729645;0.397832989692688;0.4028330147266388;176994000;0.36656710505485535
2012-11-12;0.41233301162719727;0.41316699981689453;0.34116700291633606;0.36033299565315247;175080000;0.32789328694343567
2012-11-19;0.37599998712539673;0.405333012342453;0.3659999966621399;0.39966699481010437;125778000;0.36368611454963684
2012-11-26;0.39899998903274536;0.42649999260902405;0.3846670091152191;0.4173330068588257;131238000;0.37976157665252686
2012-12-03;0.4251669943332672;0.43766701221466064;0.40549999475479126;0.4338330030441284;78732000;0.39477622509002686
2012-12-10;0.4320000112056732;0.4776670038700104;0.4320000112056732;0.4406670033931732;122532000;0.40099504590034485
2012-12-17;0.44266700744628906;0.48283299803733826;0.4300000071525574;0.4544999897480011;110490000;0.4135826528072357
2012-12-24;0.4620000123977661;0.4715000092983246;0.4183329939842224;0.42583298683166504;56916000;0.38749638199806213
2012-12-31;0.42983299493789673;0.5078330039978027;0.42250001430511475;0.4945000112056732;127488000;0.4499816298484802
2013-01-07;0.4913330078125;0.5166670083999634;0.47166699171066284;0.5158330202102661;93486000;0.46939393877983093
2013-01-14;0.5008329749107361;0.5541669726371765;0.4966669976711273;0.5443329811096191;99996000;0.49532821774482727
2013-01-21;0.5441669821739197;0.570667028427124;0.5295000076293945;0.5625;67518000;0.5118597745895386
2013-01-28;0.5683330297470093;0.5855000019073486;0.5491669774055481;0.5831670165061951;77376000;0.5306661128997803
2013-02-04;0.5699999928474426;0.6035000085830688;0.5565000176429749;0.602167010307312;72942000;0.5479555130004883
2013-02-11;0.6031669974327087;0.6368330121040344;0.5943329930305481;0.6188330054283142;53100000;0.5631212592124939
2013-02-18;0.621167004108429;0.6449999809265137;0.5538330078125;0.600832998752594;97728000;0.546741783618927
2013-02-25;0.6150000095367432;0.6225000023841858;0.5648329854011536;0.6001669764518738;97038000;0.5461357831954956
2013-03-04;0.6031669974327087;0.6583330035209656;0.5835000276565552;0.6441670060157776;102684000;0.5861745476722717
2013-03-11;0.6408330202102661;0.6813330054283142;0.6291670203208923;0.6391670107841492;65292000;0.5816246271133423
2013-03-18;0.6126670241355896;0.6333330273628235;0.590499997138977;0.6190000176429749;96834000;0.5632731318473816
2013-03-25;0.6320000290870667;0.6499999761581421;0.6060000061988831;0.6470000147819519;44388000;0.5887523889541626
2013-04-01;0.637499988079071;0.6433330178260803;0.5391669869422913;0.5703330039978027;108474000;0.5189874172210693
2013-04-08;0.5641670227050781;0.6520000100135803;0.5569999814033508;0.630666971206665;88194000;0.5738897323608398
2013-04-15;0.6140000224113464;0.6255000233650208;0.5326669812202454;0.5575000047683716;106686000;0.5073098540306091
2013-04-22;0.5616670250892639;0.6639999747276306;0.539667010307312;0.6341670155525208;97434000;0.5770747065544128
2013-04-29;0.6333330273628235;0.7166669964790344;0.6333330273628235;0.7033330202102661;63528000;0.6400139927864075
2013-05-06;0.7170000076293945;0.7773330211639404;0.7048329710960388;0.777167022228241;65388000;0.7072007656097412
2013-05-13;0.7791669964790344;0.800832986831665;0.7505000233650208;0.7996670007705688;52056000;0.7276751399040222
2013-05-20;0.8041669726371765;0.8188329935073853;0.7141669988632202;0.7561669945716858;76776000;0.6880913972854614
2013-05-27;0.7961670160293579;0.8309999704360962;0.7548329830169678;0.7979999780654907;37572000;0.7261582016944885
2013-06-03;0.7948330044746399;0.8358330130577087;0.7465000152587891;0.8036670088768005;76002000;0.7313149571418762
2013-06-10;0.8165000081062317;0.8209999799728394;0.7285000085830688;0.7721670269966125;67806000;0.7026509642601013
2013-06-17;0.7928329706192017;0.8560000061988831;0.7193329930305481;0.7465000152587891;82434000;0.6792946457862854
2013-06-24;0.7174999713897705;0.7923330068588257;0.6833329796791077;0.7820000052452087;70710000;0.711598813533783
2013-07-01;0.7878329753875732;0.8246669769287109;0.7549999952316284;0.8213329911231995;39246000;0.747390627861023
2013-07-08;0.8418329954147339;0.8948330283164978;0.7645000219345093;0.8911669850349426;76440000;0.810937762260437
2013-07-15;0.8983330130577087;0.9113330245018005;0.8476669788360596;0.8730000257492065;58914000;0.7944062948226929
2013-07-22;0.8791670203208923;0.8934999704360962;0.7891669869422913;0.8023329973220825;60462000;0.7301014065742493
2013-07-29;0.8013330101966858;0.8736670017242432;0.7825000286102295;0.8554999828338623;39084000;0.778481662273407
2013-08-05;0.8456670045852661;0.8553329706192017;0.7926669716835022;0.7986670136451721;22938000;0.7267652153968811
2013-08-12;0.7868329882621765;0.8378329873085022;0.7381669878959656;0.75;42798000;0.6824795603752136
2013-08-19;0.7398329973220825;0.7684999704360962;0.7250000238418579;0.7583330273628235;39264000;0.6900625824928284
2013-08-26;0.7551670074462891;0.7681670188903809;0.6938329935073853;0.7269999980926514;40302000;0.6615502834320068
2013-09-02;0.7605000138282776;0.8305000066757202;0.7341669797897339;0.8108329772949219;40344000;0.7378360033035278
2013-09-09;0.8141670227050781;0.8916670083999634;0.8123329877853394;0.8786669969558716;26736000;0.7995629906654358
2013-09-16;0.9101669788360596;0.9458330273628235;0.8863329887390137;0.906000018119812;28404000;0.8244354724884033
2013-09-23;0.9091669917106628;0.930167019367218;0.883167028427124;0.8923329710960388;33264000;0.8119988441467285
2013-09-30;0.867667019367218;0.9358329772949219;0.8535000085830688;0.9284999966621399;26190000;0.8449098467826843
2013-10-07;0.9068329930305481;0.9333329796791077;0.831833004951477;0.9269999861717224;35286000;0.8435447812080383
2013-10-14;0.9014999866485596;0.9778329730033875;0.8999999761581421;0.9736670255661011;27534000;0.8860105276107788
2013-10-21;0.9816669821739197;0.9911670088768005;0.8686670064926147;0.9135000109672546;37008000;0.8312601447105408
2013-10-28;0.913332998752594;0.992667019367218;0.9073330163955688;0.964667022228241;25260000;0.8778209090232849
2013-11-04;0.9768329858779907;0.9768329858779907;0.8999999761581421;0.9394999742507935;20934000;0.85491943359375
2013-11-11;0.9304999709129333;0.9900000095367432;0.921999990940094;0.9861670136451721;16014000;0.8973852396011353
2013-11-18;0.9900000095367432;0.9906669855117798;0.9051669836044312;0.9624999761581421;25710000;0.8758487701416016
2013-11-25;0.9676669836044312;1.0093330144882202;0.941332995891571;0.9965000152587891;17226000;0.9067878723144531
2013-12-02;1.0053329467773438;1.040166974067688;0.9683330059051514;1.0295000076293945;21486000;0.9368170499801636
2013-12-09;1.0463329553604126;1.0490000247955322;0.961667001247406;0.9679999947547913;17352000;0.8808536529541016
2013-12-16;0.9890000224113464;1.075166940689087;0.9890000224113464;1.066499948501587;26052000;0.9704859852790833
2013-12-23;1.0859999656677246;1.1265000104904175;1.0773329734802246;1.1131670475006104;13422000;1.012952208518982
2013-12-30;1.1078330278396606;1.151332974433899;1.0785000324249268;1.0946669578552246;18960000;0.9961171746253967
2014-01-06;1.1004999876022339;1.159000039100647;1.0691670179367065;1.1368329524993896;15918000;1.034487247467041
2014-01-13;1.13100004196167;1.2113330364227295;1.087499976158142;1.1610000133514404;29904000;1.056478500366211
2014-01-20;1.1759999990463257;1.225000023841858;1.0980000495910645;1.099666953086853;24216000;1.0006670951843262
2014-01-27;1.113332986831665;1.1278330087661743;1.057332992553711;1.1009999513626099;27720000;1.0018798112869263
2014-02-03;1.0985000133514404;1.1423330307006836;1.0023330450057983;1.1391669511795044;33288000;1.036610722541809
2014-02-10;1.1323330402374268;1.3049999475479126;1.1318329572677612;1.3001669645309448;33276000;1.1831165552139282
2014-02-17;1.317667007446289;1.351667046546936;1.2833329439163208;1.318166971206665;20250000;1.1994960308074951
2014-02-24;1.337499976158142;1.3678330183029175;1.2918330430984497;1.3333330154418945;23946000;1.2132967710494995
2014-03-03;1.2934999465942383;1.4368330240249634;1.2725000381469727;1.4131669998168945;25830000;1.2859433889389038
2014-03-10;1.4016669988632202;1.4381669759750366;1.3218330144882202;1.3244999647140503;16050000;1.205259084701538
2014-03-17;1.3523329496383667;1.5271669626235962;1.3493330478668213;1.468000054359436;32826000;1.3358402252197266
2014-03-24;1.4896670579910278;1.5333329439163208;1.3893330097198486;1.4296669960021973;34764000;1.3009581565856934
2014-03-31;1.4631669521331787;1.6118329763412476;1.4303330183029175;1.4361670017242432;47682000;1.306873083114624
2014-04-07;1.411666989326477;1.5019999742507935;1.2823330163955688;1.2928329706192017;43032000;1.1764427423477173
2014-04-14;1.3228329420089722;1.4376670122146606;1.2799999713897705;1.4201669692993164;28746000;1.2923132181167603
2014-04-21;1.4256670475006104;1.5323330163955688;1.36033296585083;1.3696670532226562;34560000;1.2463595867156982
2014-04-28;1.3791669607162476;1.435333013534546;1.2918330430984497;1.391332983970642;24840000;1.2660752534866333
2014-05-05;1.3763329982757568;1.4706670045852661;1.3488329648971558;1.400833010673523;18774000;1.2747197151184082
2014-05-12;1.4093329906463623;1.4893330335617065;1.3255000114440918;1.3980000019073486;30084000;1.2721420526504517
2014-05-19;1.3928329944610596;1.5061670541763306;1.3928329944610596;1.503499984741211;24870000;1.3681442737579346
2014-05-26;1.545667052268982;1.593999981880188;1.5219999551773071;1.5821670293807983;16650000;1.4397287368774414
2014-06-02;1.6096669435501099;1.7354999780654907;1.5674999952316284;1.724166989326477;27126000;1.5689455270767212
2014-06-09;1.7330000400543213;1.8291670083999634;1.7141669988632202;1.8108329772949219;28986000;1.6478087902069092
2014-06-16;1.8161669969558716;1.8933329582214355;1.8023329973220825;1.8849999904632568;35106000;1.7152986526489258
2014-06-23;1.8926670551300049;1.9041670560836792;1.7764999866485596;1.8274999856948853;30246000;1.6629756689071655
2014-06-30;1.8291670083999634;2.0246670246124268;1.8291670083999634;2.0169999599456787;24246000;1.835415005683899
2014-07-07;2.0169999599456787;2.0226669311523438;1.871999979019165;1.9541670083999634;35844000;1.7782390117645264
2014-07-14;1.9904999732971191;2.0358328819274902;1.8651670217514038;1.9493329524993896;37674000;1.7738397121429443
2014-07-21;1.949167013168335;2.015166997909546;1.6913330554962158;1.7079999446868896;40410000;1.554233193397522
2014-07-28;1.713333010673523;1.7583329677581787;1.6100000143051147;1.6506669521331787;38868000;1.5020617246627808
2014-08-04;1.6644999980926514;1.6866669654846191;1.5583330392837524;1.624500036239624;33096000;1.4782509803771973
2014-08-11;1.6481670141220093;1.7976670265197754;1.6241669654846191;1.776332974433899;31284000;1.6164145469665527
2014-08-18;1.7984999418258667;1.93483304977417;1.7623330354690552;1.9126670360565186;26202000;1.740475058555603
2014-08-25;1.9505000114440918;1.9816670417785645;1.8643330335617065;1.9636670351028442;22332000;1.7868832349777222
2014-09-01;1.9765000343322754;2.018666982650757;1.9118330478668213;2.018666982650757;23346000;1.8369319438934326
2014-09-08;2.018666982650757;2.064832925796509;1.899999976158142;1.9133330583572388;27396000;1.7410813570022583
2014-09-15;1.9216669797897339;2.0931670665740967;1.8320000171661377;1.9963330030441284;35424000;1.8166085481643677
2014-09-22;1.9783329963684082;1.9866670370101929;1.8511669635772705;1.93483304977417;32544000;1.760645866394043
2014-09-29;1.8748329877853394;1.9615000486373901;1.6318329572677612;1.7533329725265503;50694000;1.5954853296279907
2014-10-06;1.7745000123977661;1.7755000591278076;1.2136670351028442;1.2553329467773438;95286000;1.1423190832138062
2014-10-13;1.2601670026779175;1.4093329906463623;1.1446670293807983;1.3433330059051514;165726000;1.2223964929580688
2014-10-20;1.3359999656677246;1.616832971572876;1.317167043685913;1.6100000143051147;104844000;1.4650561809539795
2014-10-27;1.5835000276565552;1.863832950592041;1.5628329515457153;1.8416670560836792;115650000;1.6758670806884766
2014-11-03;1.8731670379638672;1.9191670417785645;1.7661670446395874;1.8113329410552979;61128000;1.648263692855835
2014-11-10;1.8278330564498901;1.8910000324249268;1.7948329448699951;1.8811670541763306;29718000;1.7118107080459595
2014-11-17;1.8583329916000366;2.059999942779541;1.8093329668045044;2.0394999980926514;50586000;1.8558897972106934
2014-11-24;2.053999900817871;2.2771670818328857;2.0416669845581055;2.25;31458000;2.0474390983581543
2014-12-01;2.232332944869995;2.433000087738037;2.127332925796509;2.433000087738037;50520000;2.2139644622802734
2014-12-08;2.4288330078125;2.444667100906372;2.1070001125335693;2.11299991607666;59190000;1.9227726459503174
2014-12-15;2.1508328914642334;2.2964999675750732;1.9733330011367798;2.249000072479248;85950000;2.0465285778045654
2014-12-22;2.2806670665740967;2.4046669006347656;2.2715001106262207;2.3528330326080322;33474000;2.1410892009735107
2014-12-29;2.3396670818328857;2.3473329544067383;2.182332992553711;2.2471671104431152;35646000;2.0449330806732178
2015-01-05;2.185499906539917;2.2618329524993896;1.9571670293807983;2.2241671085357666;59562000;2.024003744125366
2015-01-12;2.193666934967041;2.2135000228881836;1.9033329486846924;2.0134999752044678;48384000;1.8322944641113281
2015-01-19;2.0299999713897705;2.200000047683716;1.9971669912338257;2.1665000915527344;41010000;1.9715262651443481
2015-01-26;2.1641669273376465;2.198167085647583;1.9083329439163208;1.9129999876022339;60984000;1.7408398389816284
2015-02-02;1.9320000410079956;2.178499937057495;1.805999994277954;2.0833330154418945;51852000;1.8958433866500854
2015-02-09;2.04783296585083;2.4189999103546143;2.0;2.3998329639434814;43806000;2.1838603019714355
2015-02-16;2.4006669521331787;2.4679999351501465;2.373332977294922;2.4651670455932617;22830000;2.243314743041992
2015-02-23;2.4631669521331787;2.545833110809326;2.368666887283325;2.503833055496216;29478000;2.27850079536438
2015-03-02;2.558666944503784;2.7131669521331787;2.4528329372406006;2.476332902908325;41304000;2.2534749507904053
2015-03-09;2.4700000286102295;2.5139999389648438;2.2950000762939453;2.42283296585083;31782000;2.2047901153564453
2015-03-16;2.44016695022583;2.680833101272583;2.378499984741211;2.6603329181671143;31944000;2.4209156036376953
2015-03-23;2.6601669788360596;2.6681671142578125;1.9424999952316284;2.25600004196167;74370000;2.0529708862304688
2015-03-30;2.299999952316284;2.362333059310913;2.1666669845581055;2.2023329734802246;46758000;2.004134178161621
2015-04-06;2.1363329887390137;2.3948330879211426;2.108833074569702;2.3948330879211426;29856000;2.1793103218078613
2015-04-13;2.3948330879211426;2.433000087738037;2.228332996368408;2.2634999752044678;37548000;2.05979585647583
2015-04-20;2.299499988555908;2.4719998836517334;2.194333076477051;2.236833095550537;49776000;2.035529851913452
2015-04-27;2.242500066757202;2.3606669902801514;2.125999927520752;2.3436670303344727;43812000;2.13274884223938
2015-05-04;2.3531670570373535;2.3803329467773438;2.124666929244995;2.310499906539917;45714000;2.1025655269622803
2015-05-11;2.304832935333252;2.4166669845581055;2.2184998989105225;2.3889999389648438;33468000;2.174001455307007
2015-05-18;2.379667043685913;2.5233330726623535;2.379667043685913;2.497999906539917;20971500;2.2731921672821045
2015-05-25;2.4733328819274902;2.8006670475006104;2.4046669006347656;2.760667085647583;29812500;2.5122201442718506
2015-06-01;2.807332992553711;2.830667018890381;2.4806671142578125;2.557332992553711;30805500;2.32718563079834
2015-06-08;2.557332992553711;2.560667037963867;2.3333330154418945;2.4246668815612793;38119500;2.206458568572998
2015-06-15;2.376667022705078;2.5733330249786377;2.309999942779541;2.5179998874664307;23448000;2.2913920879364014
2015-06-22;2.563333034515381;2.5940001010894775;2.2279999256134033;2.2633330821990967;28383000;2.0596442222595215
2015-06-29;2.1666669845581055;2.2173330783843994;2.063999891281128;2.135999917984009;37279500;1.9437707662582397
2015-07-06;2.0933330059051514;2.135999917984009;1.7860000133514404;1.8873330354690552;46179000;1.7174822092056274
2015-07-13;1.9433330297470093;2.0113329887390137;1.8926670551300049;1.9546669721603394;36528000;1.7787564992904663
2015-07-20;1.9753329753875732;1.9900000095367432;1.713333010673523;1.74399995803833;41740500;1.5870486497879028
2015-07-27;1.718000054359436;1.8566670417785645;1.6466670036315918;1.7740000486373901;41610000;1.6143488883972168
2015-08-03;1.7619999647140503;1.7979999780654907;1.6273330450057983;1.696666955947876;31998000;1.5439753532409668
2015-08-10;1.7333329916000366;1.8306670188903809;1.598667025566101;1.6466670036315918;37788000;1.498475432395935
2015-08-17;1.621999979019165;1.6959999799728394;1.2606669664382935;1.2773330211639404;47103000;1.162379503250122
2015-08-24;1.0213329792022705;1.4906669855117798;1.003999948501587;1.48533296585083;99439500;1.351660132408142
2015-08-31;1.446666955947876;1.5140000581741333;1.2913329601287842;1.3646670579910278;44211000;1.2418540716171265
2015-09-07;1.4600000381469727;1.6206669807434082;1.4173330068588257;1.4819999933242798;43992000;1.3486274480819702
2015-09-14;1.5019999742507935;1.5973329544067383;1.4246670007705688;1.442667007446289;35713500;1.3128339052200317
2015-09-21;1.4666670560836792;1.4846669435501099;1.1959999799728394;1.3186670541763306;49980000;1.19999361038208
2015-09-28;1.2906670570373535;1.4133330583572388;1.1893329620361328;1.4133330583572388;61723500;1.2861398458480835
2015-10-05;1.4520000219345093;1.6119999885559082;1.4266669750213623;1.562000036239624;54445500;1.4214277267456055
2015-10-12;1.562000036239624;1.7586669921875;1.504667043685913;1.7319999933242798;33238500;1.5761282444000244
2015-10-19;1.707332968711853;1.9986670017242432;1.692667007446289;1.9833329916000366;37266000;1.8048428297042847
2015-10-26;1.9566669464111328;1.9593329429626465;1.7366670370101929;1.7966669797897339;33417000;1.634975790977478
2015-11-02;1.8140000104904175;1.909999966621399;1.7586669921875;1.9046670198440552;27043500;1.733256220817566
2015-11-09;1.8906669616699219;1.8906669616699219;1.6213330030441284;1.6419999599456787;32290500;1.4942280054092407
2015-11-16;1.6393330097198486;1.8473329544067383;1.6380000114440918;1.8193329572677612;26226000;1.655601978302002
2015-11-23;1.8226670026779175;1.8639999628067017;1.694000005722046;1.8593330383300781;14134500;1.692002534866333
2015-11-30;1.8660000562667847;2.049999952316284;1.8553329706192017;2.0326669216156006;35233500;1.8497370481491089
2015-12-07;2.0213329792022705;2.0213329792022705;1.762666940689087;1.7713329792022705;29763000;1.6119219064712524
2015-12-14;1.7686669826507568;1.9106669425964355;1.684000015258789;1.7146669626235962;30096000;1.560355544090271
2015-12-21;1.7580000162124634;1.8940000534057617;1.7446670532226562;1.8753329515457153;11104500;1.7065622806549072
2015-12-28;1.8533329963684082;1.9420000314712524;1.7846670150756836;1.7846670150756836;15049500;1.6240558624267578
2016-01-04;1.6826670169830322;1.745332956314087;1.3066669702529907;1.3106670379638672;40869000;1.1927136182785034
2016-01-11;1.3333330154418945;1.401332974433899;1.0806670188903809;1.1339999437332153;44757000;1.031945824623108
2016-01-18;1.1933330297470093;1.3040000200271606;1.0640000104904175;1.2786669731140137;46003500;1.1635932922363281
2016-01-25;1.26466703414917;1.3700000047683716;1.1779999732971191;1.3673330545425415;43113000;1.2442797422409058
2016-02-01;1.3386670351028442;1.408666968345642;1.1713329553604126;1.1886670589447021;57144000;1.0816928148269653
2016-02-08;1.1293330192565918;1.1380000114440918;0.9886670112609863;1.0959999561309814;62853000;0.9973651170730591
2016-02-15;1.1446670293807983;1.3306670188903809;1.1293330192565918;1.2953330278396606;57931500;1.1787595748901367
2016-02-22;1.3420000076293945;1.4359999895095825;1.2233330011367798;1.4179999828338623;49131000;1.2903869152069092
2016-02-29;1.440000057220459;1.6453330516815186;1.4106669425964355;1.6066670417785645;62848500;1.462075114250183
2016-03-07;1.5693329572677612;1.6660000085830688;1.5080000162124634;1.6653330326080322;57898500;1.5154614448547363
2016-03-14;1.6540000438690186;1.7906670570373535;1.5959999561309814;1.7873330116271973;53259000;1.6264820098876953
2016-03-21;1.7666670083999634;1.8086669445037842;1.658666968345642;1.7153329849243164;30807000;1.5609614849090576
2016-03-28;1.7433329820632935;1.863332986831665;1.6660000085830688;1.8359999656677246;40044000;1.670769214630127
2016-04-04;1.8359999656677246;1.8380000591278076;1.7046669721603394;1.7480000257492065;29550000;1.590688943862915
2016-04-11;1.7760000228881836;1.8613330125808716;1.6720000505447388;1.76466703414917;31636500;1.6058557033538818
2016-04-18;1.7333329916000366;1.784000039100647;1.6806670427322388;1.7286670207977295;28654500;1.573095440864563
2016-04-25;1.7093329429626465;1.8286670446395874;1.50600004196167;1.5466669797897339;35053500;1.4074747562408447
2016-05-02;1.5526670217514038;1.585332989692688;1.4286669492721558;1.4886670112609863;22557000;1.3546942472457886
2016-05-09;1.4946670532226562;1.5673329830169678;1.4066669940948486;1.4600000381469727;30348000;1.3286073207855225
2016-05-16;1.4693330526351929;1.6873329877853394;1.468000054359436;1.6833330392837524;38196000;1.531841516494751
2016-05-23;1.7313330173492432;1.940000057220459;1.7106670141220093;1.9306670427322388;35040000;1.7569164037704468
2016-05-30;1.946666955947876;2.053999900817871;1.9240000247955322;2.0133330821990967;18144000;1.8321435451507568
2016-06-06;2.0253329277038574;2.069333076477051;1.935333013534546;1.9559999704360962;25830000;1.7799694538116455
2016-06-13;1.920667052268982;1.99399995803833;1.824666976928711;1.8746670484542847;25977000;1.7059561014175415
2016-06-20;1.9653329849243164;2.1026670932769775;1.730666995048523;1.7466670274734497;29181000;1.589475393295288
2016-06-27;1.6846669912338257;1.8580000400543213;1.5066670179367065;1.7979999780654907;45837000;1.6361889839172363
2016-07-04;1.7606669664382935;1.9286669492721558;1.6206669807434082;1.9266669750213623;26580000;1.7532765865325928
2016-07-11;1.968000054359436;2.140000104904175;1.9646669626235962;2.117332935333252;31756500;1.9267833232879639
2016-07-18;2.181333065032959;2.310667037963867;2.1686670780181885;2.2793331146240234;25824000;2.074204206466675
2016-07-25;2.2853329181671143;2.6606669425964355;2.2853329181671143;2.50333309173584;39019500;2.278046131134033
2016-08-01;2.5366671085357666;2.5759999752044678;2.3540000915527344;2.569999933242798;25552500;2.338712692260742
2016-08-08;2.5940001010894775;2.6526670455932617;2.5360000133514404;2.634666919708252;18538500;2.39755916595459
2016-08-15;2.6593329906463623;2.8333330154418945;2.640000104904175;2.814666986465454;18919500;2.5613608360290527
2016-08-22;2.805999994277954;2.923332929611206;2.7613329887390137;2.8626670837402344;19434000;2.60504150390625
2016-08-29;2.879333019256592;2.9779999256134033;2.822666883468628;2.927999973297119;23695500;2.664494276046753
2016-09-05;2.9766669273376465;2.9766669273376465;2.501332998275757;2.5153329372406006;19438500;2.2889652252197266
2016-09-12;2.4606668949127197;2.925333023071289;2.433332920074463;2.8480000495910645;34341000;2.591693878173828
2016-09-19;2.913332939147949;3.0253329277038574;2.7986669540405273;2.875999927520752;20136000;2.6171741485595703
2016-09-26;2.826667070388794;3.2660000324249268;2.75600004196167;3.2073330879211426;32481000;2.918689489364624
2016-10-03;3.2133328914642334;3.2853329181671143;3.0833330154418945;3.2260000705718994;20541000;2.935675859451294
2016-10-10;3.2746670246124268;3.312666893005371;2.698667049407959;2.9086670875549316;35760000;2.6469008922576904
2016-10-17;2.894666910171509;3.01200008392334;2.8393330574035645;2.958667039871216;19669500;2.692401885986328
2016-10-24;3.0266671180725098;3.2160000801086426;2.990000009536743;3.003999948501587;23161500;2.733654737472534
2016-10-31;3.063999891281128;3.122667074203491;2.7753329277038574;2.8359999656677246;23289000;2.5807738304138184
2016-11-07;2.99733304977417;3.198667049407959;2.768666982650757;3.183332920074463;36757500;2.896848678588867
2016-11-14;3.200000047683716;3.624666929244995;3.1046669483184814;3.609999895095825;23307000;3.2851176261901855
2016-11-21;3.640666961669922;3.8559999465942383;3.6046669483184814;3.8359999656677246;15133500;3.490779399871826
2016-11-28;3.816667079925537;3.8526670932769775;3.1046669483184814;3.2873330116271973;23094000;2.9914894104003906
2016-12-05;3.369999885559082;3.9860000610351562;3.303999900817871;3.8213329315185547;29617500;3.4774322509765625
2016-12-12;3.7746670246124268;4.1453328132629395;3.640666961669922;3.9226670265197754;26676000;3.569646120071411
2016-12-19;4.0;4.128666877746582;3.919332981109619;4.092667102813721;16297500;3.902120351791382
2016-12-26;4.104000091552734;4.328000068664551;3.7733330726623535;3.8066670894622803;24129000;3.6294355392456055
2017-01-02;3.9086670875549316;3.9773330688476562;3.689332962036133;3.8313329219818115;18216000;3.6529541015625
2017-01-09;3.8666670322418213;4.056000232696533;3.768666982650757;4.022666931152344;21477000;3.8353781700134277
2017-01-16;3.98533296585083;4.156667232513428;3.7906670570373535;4.0873332023620605;14551500;3.8970346450805664
2017-01-23;4.027332782745361;4.52066707611084;3.9140000343322754;4.5193328857421875;21064500;4.308920860290527
2017-01-30;4.449333190917969;4.564667224884033;4.193333148956299;4.543333053588867;26806500;4.331804275512695
2017-02-06;4.575333118438721;4.7220001220703125;4.395999908447266;4.531332969665527;23494500;4.3203630447387695
2017-02-13;4.5793328285217285;4.71999979019165;4.440667152404785;4.71999979019165;17643000;4.500245571136475
2017-02-20;4.812666893005371;4.944666862487793;4.406000137329102;4.6706671714782715;20166000;4.453210830688477
2017-02-27;4.679999828338623;4.901332855224609;4.5879998207092285;4.677332878112793;20157000;4.459564685821533
2017-03-06;4.602666854858398;4.971333026885986;4.519999980926514;4.939332962036133;19128000;4.709366798400879
2017-03-13;4.9806671142578125;5.196000099182129;4.880000114440918;5.136666774749756;18352500;4.897513389587402
2017-03-20;5.164000034332275;5.326000213623047;4.844666957855225;5.108666896820068;26032500;4.870816707611084
2017-03-27;4.939332962036133;5.300000190734863;4.898666858673096;5.221333026885986;23656500;4.978238582611084
2017-04-03;5.251333236694336;5.2733330726623535;4.814667224884033;5.027332782745361;23161500;4.793270111083984
2017-04-10;5.031332969665527;5.041333198547363;4.447999954223633;4.451333045959473;24531000;4.244087219238281
2017-04-17;4.492667198181152;5.006667137145996;4.492667198181152;4.915332794189453;22833000;4.686483383178711
2017-04-24;5.129333019256592;5.389999866485596;5.050000190734863;5.0960001945495605;30136500;4.858739852905273
2017-05-01;5.1533331871032715;5.25;4.993332862854004;5.173999786376953;18129000;4.933108806610107
2017-05-08;5.161333084106445;5.739333152770996;5.084667205810547;5.714000225067139;20536500;5.447966575622559
2017-05-15;5.75333309173584;6.24399995803833;5.400000095367432;5.922667026519775;41890500;5.646919250488281
2017-05-22;6.007999897003174;6.336667060852051;5.888000011444092;6.332666873931885;21112500;6.03782844543457
2017-05-29;6.328667163848877;6.696667194366455;6.326000213623047;6.665999889373779;19287000;6.355644702911377
2017-06-05;6.667333126068115;7.53866720199585;5.962666988372803;6.392000198364258;55555500;6.094400882720947
2017-06-12;6.127999782562256;6.599999904632568;5.745333194732666;5.980000019073486;65202000;5.701583385467529
2017-06-19;6.165332794189453;6.443999767303467;6.102666854858398;6.3293328285217285;39135000;6.034651279449463
2017-06-26;6.483333110809326;6.5406670570373535;5.27666711807251;5.433332920074463;61680000;5.1803669929504395
2017-07-03;5.531332969665527;5.791999816894531;5.199999809265137;5.724667072296143;31900500;5.458137512207031
2017-07-10;5.787333011627197;6.561333179473877;5.685332775115967;6.557332992553711;52261500;6.252035617828369
2017-07-17;6.604000091552734;6.795332908630371;6.2820000648498535;6.593999862670898;32562000;6.2869954109191895
2017-07-24;6.611999988555908;6.820666790008545;6.187333106994629;6.354000091552734;44391000;6.058170795440674
2017-07-31;6.366666793823242;6.4633331298828125;6.016666889190674;6.113999843597412;28738500;5.829343795776367
2017-08-07;6.156000137329102;6.597332954406738;5.657332897186279;5.871333122253418;34330500;5.597975254058838
2017-08-14;6.079999923706055;6.478000164031982;5.8460001945495605;5.945333003997803;29080500;5.6685285568237305
2017-08-21;5.966667175292969;6.266666889190674;5.690000057220459;6.075333118438721;22383000;5.792475700378418
2017-08-28;6.093332767486572;6.861332893371582;5.888000011444092;6.757332801818848;23785500;6.442724704742432
2017-09-04;6.619999885559082;6.708000183105469;6.233333110809326;6.297999858856201;18823500;6.004777431488037
2017-09-11;6.460000038146973;7.25333309173584;6.447999954223633;7.227333068847656;24586500;6.890843391418457
2017-09-18;7.361332893371582;7.671332836151123;6.978000164031982;7.285999774932861;33492000;6.946776866912842
2017-09-25;7.172667026519775;7.702000141143799;6.763332843780518;7.684000015258789;36324000;7.3262481689453125
2017-10-02;7.751999855041504;8.066666603088379;7.659333229064941;8.066666603088379;22603500;7.691097259521484
2017-10-09;8.149333000183105;8.723333358764648;8.12733268737793;8.640000343322754;23680500;8.237736701965332
2017-10-16;8.733332633972168;9.017333030700684;8.343999862670898;8.879332542419434;26464500;8.465927124023438
2017-10-23;9.005999565124512;9.599332809448242;8.5686674118042;9.557332992553711;39790500;9.112361907958984
2017-10-30;9.233332633972168;10.432666778564453;9.233332633972168;10.429332733154297;39502500;9.94376277923584
2017-11-06;10.697999954223633;10.970000267028809;9.88933277130127;10.481332778930664;48757500;9.993342399597168
2017-11-13;10.320667266845703;10.912667274475098;10.0;10.57800006866455;33816000;10.085509300231934
2017-11-20;10.668000221252441;11.453332901000977;10.661333084106445;11.420000076293945;29859000;10.888307571411133
2017-11-27;11.215999603271484;11.216667175292969;8.666666984558105;9.380666732788086;90895500;8.943921089172363
2017-12-04;9.706666946411133;9.729999542236328;8.338000297546387;8.916666984558105;70749000;8.501523971557617
2017-12-11;8.960000038146973;9.25;8.708000183105469;9.169333457946777;31051500;8.742425918579102
2017-12-18;9.516667366027832;10.083333015441895;9.378666877746582;9.600666999816895;43096500;9.161230087280273
2017-12-25;9.266667366027832;9.561332702636719;9.073332786560059;9.19333267211914;14805000;8.772538185119629
2018-01-01;9.350000381469727;10.937999725341797;9.303999900817871;10.821999549865723;35323500;10.32665729522705
2018-01-08;10.810667037963867;11.166666984558105;10.097332954406738;10.696666717529297;39360000;10.207063674926758
2018-01-15;10.937333106994629;12.10200023651123;10.61066722869873;11.940667152404785;39786000;11.394124984741211
2018-01-22;11.98799991607666;12.496000289916992;11.028667449951172;12.075332641601562;56887500;11.522624015808105
2018-01-29;11.916000366210938;12.27733325958252;10.466667175292969;10.468667030334473;48682500;9.989498138427734
2018-02-05;10.199999809265137;10.72266674041748;7.820666790008545;8.895999908447266;87898500;8.488816261291504
2018-02-12;9.144000053405762;10.604666709899902;8.949999809265137;10.230667114257812;52683000;9.762391090393066
2018-02-19;10.100000381469727;11.052666664123535;10.089332580566406;10.988666534423828;35475000;10.485695838928223
2018-02-26;11.233332633972168;12.170000076293945;10.258000373840332;11.272000312805176;53668500;10.756062507629395
2018-03-05;11.10533332824707;13.016667366027832;10.933333396911621;13.013333320617676;52458000;12.417692184448242
2018-03-12;13.279999732971191;13.933333396911621;12.434000015258789;12.739333152770996;59496000;12.156233787536621
2018-03-19;12.407999992370605;12.822667121887207;10.214667320251465;10.214667320251465;68745000;9.747126579284668
2018-03-26;10.980667114257812;11.851332664489746;9.421333312988281;10.187999725341797;79807500;9.721677780151367
2018-04-02;9.880000114440918;10.133333206176758;8.588666915893555;8.708666801452637;79257000;8.310056686401367
2018-04-09;9.045999526977539;10.677332878112793;8.854000091552734;10.037332534790039;73975500;9.57790756225586
2018-04-16;10.227999687194824;10.737333297729492;8.559332847595215;8.682000160217285;83719500;8.284608840942383
2018-04-23;8.815333366394043;8.932000160217285;7.710667133331299;8.406000137329102;89757000;8.021242141723633
2018-04-30;8.399999618530273;9.210000038146973;8.014666557312012;9.1813325881958;69870000;8.761087417602539
2018-05-07;9.335332870483398;10.633333206176758;9.275333404541016;10.333333015441895;61077000;9.860359191894531
2018-05-14;10.715999603271484;11.088666915893555;10.094667434692383;10.204000473022461;53346000;9.736946105957031
2018-05-21;10.670000076293945;11.281999588012695;10.239999771118164;11.254667282104492;55605000;10.739521026611328
2018-05-28;11.050666809082031;11.757332801818848;10.8100004196167;11.751999855041504;49216500;11.214092254638672
2018-06-04;11.866666793823242;12.519332885742188;11.480667114257812;11.785332679748535;49657500;11.245898246765137
2018-06-11;11.707332611083984;12.221332550048828;11.578666687011719;12.015999794006348;40722000;11.466011047363281
2018-06-18;11.733332633972168;11.733332633972168;10.656000137329102;10.733332633972168;49848000;10.262669563293457
2018-06-25;10.333333015441895;10.350666999816895;9.053999900817871;9.433333396911621;55035000;9.01967716217041
2018-07-02;9.185333251953125;10.207332611083984;8.97933292388916;10.167332649230957;41086500;9.721488952636719
2018-07-09;10.476667404174805;10.752667427062988;9.583999633789062;9.934666633605957;59416500;9.49902629852295
2018-07-16;9.947999954223633;10.61533260345459;9.658666610717773;10.325332641601562;39636000;9.872559547424316
2018-07-23;10.200667381286621;11.045332908630371;9.628666877746582;10.590666770935059;62950500;10.126258850097656
2018-07-30;10.569999694824219;10.904666900634766;10.046667098999023;10.800000190734863;35727000;10.32641315460205
2018-08-06;10.755332946777344;11.400667190551758;10.024666786193848;10.170000076293945;39673500;9.724038124084473
2018-08-13;10.22266674041748;10.490667343139648;9.053333282470703;9.470666885375977;48424500;9.05537223815918
2018-08-20;9.533332824707031;10.619333267211914;9.128000259399414;10.611332893371582;43645500;10.14601993560791
2018-08-27;10.819999694824219;11.420000076293945;10.779333114624023;11.199999809265137;49731000;10.70887565612793
2018-09-03;11.0513334274292;11.526000022888184;10.183333396911621;10.260666847229004;36535500;9.81072998046875
2018-09-10;10.512666702270508;10.720000267028809;9.25333309173584;10.608667373657227;55419000;10.14346981048584
2018-09-17;10.417332649230957;10.986666679382324;10.109333038330078;10.740667343139648;32499000;10.269684791564941
2018-09-24;10.482666969299316;10.871333122253418;9.961999893188477;10.307332992553711;33004500;9.882786750793457
2018-10-01;10.392666816711426;10.816666603088379;8.897333145141602;9.170000076293945;59608500;8.792296409606934
2018-10-08;9.0;9.186667442321777;7.24666690826416;7.834000110626221;80772000;7.511326313018799
2018-10-15;7.723999977111816;8.60533332824707;7.199999809265137;7.285999774932861;58456500;6.985898017883301
2018-10-22;7.433332920074463;7.558667182922363;5.625332832336426;5.928667068481445;93628500;5.68447208404541
2018-10-29;6.267333030700684;7.691999912261963;5.415999889373779;7.283332824707031;85978500;6.983340740203857
2018-11-05;7.24666690826416;7.680666923522949;6.738667011260986;7.0980000495910645;50394000;6.805641174316406
2018-11-12;6.755332946777344;7.199999809265137;6.073332786560059;6.870666980743408;63432000;6.587672710418701
2018-11-19;6.702667236328125;6.8373332023620605;5.556666851043701;6.170000076293945;51562500;5.915865421295166
2018-11-26;6.433332920074463;7.139999866485596;6.242667198181152;7.125999927520752;46008000;6.8324875831604
2018-12-03;7.797332763671875;7.861332893371582;5.657332897186279;5.745999813079834;76599000;5.509328365325928
2018-12-10;5.715332984924316;6.627333164215088;5.6579999923706055;6.026000022888184;79413000;5.777797222137451
2018-12-17;5.966667175292969;6.305333137512207;4.8379998207092285;4.897333145141602;96888000;4.69561767578125
2018-12-24;4.768667221069336;5.74666690826416;4.425333023071289;5.451333045959473;61173000;5.245683670043945
2018-12-31;5.638000011444092;5.822000026702881;4.672667026519775;5.294666767120361;72010500;5.09492826461792
2019-01-07;5.398666858673096;6.451333045959473;5.280666828155518;6.283999919891357;74388000;6.046938896179199
2019-01-14;6.050000190734863;6.616000175476074;5.654666900634766;6.499332904815674;67174500;6.254148483276367
2019-01-21;6.315332889556885;7.3420000076293945;5.6606669425964355;7.261332988739014;83928000;6.987401962280273
2019-01-28;6.453332901000977;7.440667152404785;6.407332897186279;7.343332767486572;59385000;7.066308498382568
2019-02-04;7.360000133514404;8.33666706085205;7.1666669845581055;7.588666915893555;60946500;7.302388668060303
2019-02-11;7.705999851226807;8.577333450317383;7.49066686630249;8.453332901000977;55405500;8.134435653686523
2019-02-18;8.304667472839355;8.779333114624023;8.300666809082031;8.703332901000977;41476500;8.375004768371582
2019-02-25;9.133999824523926;9.220666885375977;8.150667190551758;8.670000076293945;53683500;8.342927932739258
2019-03-04;8.864666938781738;8.927332878112793;7.380000114440918;7.842667102813721;66000000;7.546805381774902
2019-03-11;7.988667011260986;9.38466739654541;7.946667194366455;9.185999870300293;61071000;8.839462280273438
2019-03-18;9.244000434875488;10.34866714477539;8.961999893188477;9.298666954040527;77058000;8.963791847229004
2019-03-25;9.14466667175293;9.450667381286621;8.587332725524902;9.169333457946777;85551000;8.839116096496582
2019-04-01;9.577333450317383;10.847332954406738;9.456000328063965;10.830666542053223;78810000;10.440618515014648
2019-04-08;10.683333396911621;11.239333152770996;10.393333435058594;11.233332633972168;59620500;10.828779220581055
2019-04-15;11.22933292388916;13.062666893005371;10.795999526977539;12.613332748413086;54312000;12.159085273742676
2019-04-22;12.433333396911621;13.76200008392334;11.541999816894531;12.329333305358887;51250500;11.8853120803833
2019-04-29;12.371333122253418;13.106666564941406;12.10200023651123;12.890000343322754;46782000;12.425786972045898
2019-05-06;11.605999946594238;12.284667015075684;9.95533275604248;10.72599983215332;93874500;10.339719772338867
2019-05-13;9.662667274475098;10.311332702636719;8.918000221252441;9.03266716003418;102480000;8.70737075805664
2019-05-20;8.223999977111816;8.575332641601562;7.154666900634766;7.325333118438721;95541000;7.061523914337158
2019-05-27;7.457333087921143;7.572000026702881;6.9033331871032715;7.066667079925537;71125500;6.812173366546631
2019-06-03;7.331999778747559;8.538666725158691;7.010000228881836;8.464667320251465;109362000;8.159826278686523
2019-06-10;8.851332664489746;9.666666984558105;7.8520002365112305;8.016667366027832;78568500;7.72796106338501
2019-06-17;8.033332824707031;9.552666664123535;7.838666915893555;8.95533275604248;79234500;8.632821083068848
2019-06-24;9.013999938964844;10.157333374023438;8.587332725524902;9.88599967956543;65716500;9.543664932250977
2019-07-01;11.180000305175781;11.4399995803833;9.588666915893555;9.918000221252441;52402500;9.574554443359375
2019-07-08;9.64466667175293;10.778667449951172;9.458666801452637;10.767999649047852;55053000;10.395120620727539
2019-07-15;10.933333396911621;11.5;10.499333381652832;11.169333457946777;47877000;10.782556533813477
2019-07-22;11.364666938781738;13.473999977111816;11.34000015258789;12.703332901000977;70699500;12.26343822479248
2019-07-29;12.600000381469727;12.863332748413086;10.033332824707031;10.291333198547363;77440500;9.934959411621094
2019-08-05;9.386667251586914;10.278667449951172;8.70199966430664;9.704000473022461;99100500;9.367968559265137
2019-08-12;9.463333129882812;10.411333084106445;8.928667068481445;9.899999618530273;91621500;9.557181358337402
2019-08-19;10.591333389282227;10.755332946777344;9.106666564941406;9.211999893188477;75718500;8.893003463745117
2019-08-26;9.66866683959961;10.59866714477539;9.000666618347168;10.329999923706055;62659500;9.972289085388184
2019-09-02;10.000666618347168;11.950667381286621;9.62399959564209;11.629332542419434;56547000;11.226628303527832
2019-09-09;11.853333473205566;12.937999725341797;11.37399959564209;12.47933292388916;44026500;12.04719352722168
2019-09-16;12.133333206176758;12.55666732788086;11.333333015441895;11.494000434875488;39684000;11.095980644226074
2019-09-23;11.425999641418457;12.104666709899902;10.749333381652832;11.0;65712000;10.637826919555664
2019-09-30;11.199999809265137;11.986666679382324;10.145999908447266;11.654000282287598;72946500;11.270295143127441
2019-10-07;11.553333282470703;12.336000442504883;10.311332702636719;11.929332733154297;96393000;11.536565780639648
2019-10-14;11.887999534606934;12.795999526977539;11.513999938964844;11.87399959564209;69039000;11.483052253723145
2019-10-21;12.158666610717773;13.173333168029785;11.316666603088379;13.142666816711426;69520500;12.709949493408203
2019-10-28;13.400667190551758;14.165332794189453;12.710000038146973;14.129332542419434;55018500;13.664129257202148
2019-11-04;14.665332794189453;15.5686674118042;14.345999717712402;15.33133316040039;52902000;14.826553344726562
2019-11-11;14.925999641418457;15.866666793823242;14.733332633972168;15.473333358764648;58044000;14.963878631591797
2019-11-18;15.484000205993652;15.675333023071289;13.958000183105469;14.11400032043457;63891000;13.64930248260498
2019-11-25;14.533332824707031;15.275333404541016;14.517999649047852;14.762666702270508;36580500;14.276609420776367
2019-12-02;14.774666786193848;15.017999649047852;12.979999542236328;14.933333396911621;54223500;14.441656112670898
2019-12-09;14.933333396911621;17.61199951171875;14.673999786376953;16.81999969482422;66577500;16.266206741333008
2019-12-16;17.386667251586914;18.577333450317383;17.266666412353516;18.486000061035156;45919500;17.87735366821289
2019-12-23;18.913333892822266;18.99066734313965;18.39933204650879;18.590667724609375;27999000;17.997264862060547
2019-12-30;18.51066780090332;19.465999603271484;17.774667739868164;18.41266632080078;40116000;17.824947357177734
2020-01-06;17.733999252319336;19.482667922973633;17.429332733154297;18.72333335876465;54555000;18.125696182250977
2020-01-13;19.126667022705078;20.236000061035156;18.666667938232422;20.207332611083984;51936000;19.56233024597168
2020-01-20;19.95599937438965;22.066667556762695;19.933332443237305;20.408666610717773;46948500;19.757234573364258
2020-01-27;18.586000442504883;19.496667861938477;16.034000396728516;16.24066734313965;86052000;15.72227668762207
2020-02-03;16.468000411987305;19.72333335876465;16.402666091918945;18.266000747680664;76848000;17.68296241760254
2020-02-10;17.841333389282227;21.906667709350586;17.833332061767578;21.03933334350586;64189500;20.367773056030273
2020-02-17;19.933332443237305;21.810667037963867;18.666667938232422;18.89666748046875;75351000;18.293495178222656
2020-02-24;16.222000122070312;17.014667510986328;11.446666717529297;13.666666984558105;186478500;13.230436325073242
2020-03-02;14.5;15.822667121887207;12.199999809265137;13.240667343139648;140251500;12.818034172058105
2020-03-09;10.135333061218262;11.792667388916016;6.533332824707031;8.661333084106445;189286500;8.384866714477539
2020-03-16;5.98533296585083;7.097332954406738;3.566667079925537;4.263332843780518;319521000;4.127249717712402
2020-03-23;4.533332824707031;7.266666889190674;4.0873332023620605;6.0960001945495605;303720000;5.908096790313721
2020-03-30;6.330667018890381;7.082666873931885;5.1066670417785645;5.435332775115967;225505500;5.267795085906982
2020-04-06;6.133333206176758;8.22933292388916;6.125999927520752;7.210000038146973;257646000;6.987760066986084
2020-04-13;7.159999847412109;8.887999534606934;6.9633331298828125;8.564000129699707;220294500;8.300024032592773
2020-04-20;8.200667381286621;8.566666603088379;6.767333030700684;8.333999633789062;210030000;8.077112197875977
2020-04-27;8.666666984558105;9.850000381469727;7.320000171661377;7.406667232513428;259969500;7.178365230560303
2020-05-04;7.208666801452637;9.281999588012695;7.133999824523926;9.26533317565918;200154000;8.979741096496582
2020-05-11;8.962667465209961;9.517999649047852;7.400000095367432;8.099332809448242;225448500;7.8496809005737305
2020-05-18;8.666666984558105;10.313332557678223;8.666666984558105;9.505999565124512;186085500;9.21298885345459
2020-05-25;10.249333381652832;10.418000221252441;9.045999526977539;10.27400016784668;155629500;9.957318305969238
2020-06-01;10.071999549865723;13.466667175292969;9.866666793823242;12.934000015258789;145446000;12.535325050354004
2020-06-08;13.260666847229004;13.38266658782959;10.259332656860352;10.95199966430664;154728000;10.61441707611084
2020-06-15;10.260666847229004;12.859999656677246;10.11533260345459;12.066666603088379;124872000;11.69472599029541
2020-06-22;12.126667022705078;12.880000114440918;11.09000015258789;11.223999977111816;112747500;10.883540153503418
2020-06-29;11.248000144958496;12.803999900817871;10.833999633789062;12.470000267028809;95941500;12.091741561889648
2020-07-06;13.10533332824707;14.292667388916016;12.899999618530273;13.906000137329102;95670000;13.484185218811035
2020-07-13;14.492667198181152;14.961333274841309;12.40133285522461;13.856666564941406;96157500;13.436348915100098
2020-07-20;13.92199993133545;15.035332679748535;12.630666732788086;13.231332778930664;89577000;12.829980850219727
2020-07-27;13.733332633972168;15.475333213806152;13.553333282470703;15.100666999816895;109983000;14.64261245727539
2020-08-03;15.390666961669922;16.85066795349121;15.390000343322754;16.029333114624023;70620000;15.543109893798828
2020-08-10;16.124666213989258;17.155332565307617;15.334667205810547;16.453332901000977;69967500;15.954248428344727
2020-08-17;16.858667373657227;17.374666213989258;15.69333267211914;16.392667770385742;60747000;15.895425796508789
2020-08-24;16.889333724975586;17.87266731262207;16.474666595458984;17.856666564941406;66813000;17.31501579284668
2020-08-31;17.840667724609375;20.75933265686035;14.670666694641113;16.527332305908203;104808000;16.026004791259766
2020-09-07;14.708666801452637;16.07933235168457;14.131333351135254;14.657333374023438;74826000;14.212727546691895
2020-09-14;15.553333282470703;16.781999588012695;14.520000457763672;15.081999778747559;66400500;14.624513626098633
2020-09-21;14.189332962036133;15.786666870117188;13.894000053405762;15.45533275604248;94279500;14.986520767211914
2020-09-28;16.041332244873047;18.07866668701172;15.76200008392334;16.32933235168457;97446000;15.83400821685791
2020-10-05;16.790666580200195;20.496000289916992;16.768667221069336;20.342666625976562;74719500;19.72560691833496
2020-10-12;21.089332580566406;21.676000595092773;19.575332641601562;20.404666900634766;60724500;19.785724639892578
2020-10-19;20.866666793823242;21.262666702270508;18.8353328704834;19.3700008392334;43117500;18.782442092895508
2020-10-26;18.883333206176758;19.133333206176758;16.007333755493164;16.59666633605957;59365500;16.09323501586914
2020-11-02;17.142000198364258;23.68000030517578;16.423999786376953;23.492666244506836;76896000;22.780054092407227
2020-11-09;24.961999893188477;25.59866714477539;20.406667709350586;22.73466682434082;67986000;22.045045852661133
2020-11-16;23.270000457763672;24.978666305541992;22.680667877197266;23.997333526611328;51490500;23.26941680908203
2020-11-23;24.43400001525879;26.60533332824707;24.083999633789062;26.083999633789062;37281000;25.292787551879883
2020-11-30;26.236000061035156;31.19333267211914;25.268667221069336;31.154666900634766;48852000;30.20964241027832
2020-12-07;31.736000061035156;32.27333450317383;27.266666412353516;28.163333892822266;59145000;27.30904197692871
2020-12-14;28.988666534423828;30.99066734313965;28.799999237060547;30.139333724975586;39481500;29.225107192993164
2020-12-21;29.0;29.820667266845703;28.166667938232422;29.65399932861328;24831000;28.757808685302734
2020-12-28;30.621999740600586;31.183332443237305;28.284000396728516;31.09866714477539;29053500;30.158811569213867
2021-01-04;31.672000885009766;37.94200134277344;29.930667877197266;35.78666687011719;66585000;34.70512390136719
2021-01-11;34.96533203125;41.612667083740234;34.933998107910156;37.82400131225586;54699000;36.68089294433594
2021-01-18;39.513999938964844;43.521331787109375;39.41133117675781;40.790000915527344;48201000;39.5572509765625
2021-01-25;42.01333236694336;42.13999938964844;32.538665771484375;33.400665283203125;76563000;32.391239166259766
2021-02-01;35.08599853515625;39.79666519165039;34.63666534423828;36.7226676940918;55365000;35.612850189208984
2021-02-08;37.461334228515625;46.01333236694336;37.44533157348633;45.77199935913086;77992500;44.38868713378906
2021-02-15;47.336666107177734;47.85266876220703;41.020668029785156;45.798667907714844;72904500;44.41455078125
2021-02-22;44.003334045410156;44.93600082397461;35.069332122802734;38.71066665649414;132769500;37.540775299072266
2021-03-01;40.59199905395508;42.9900016784668;27.729999542236328;32.75;131197300;31.760244369506836
2021-03-08;32.709999084472656;35.040000915527344;27.5;33.41999816894531;104851500;32.40999221801758
2021-03-15;33.79999923706055;39.150001525878906;32.380001068115234;34.75;110837700;33.699798583984375
2021-03-22;35.939998626708984;38.20000076293945;30.100000381469727;37.689998626708984;142868400;36.56675720214844
2021-03-29;36.380001068115234;42.439998626708984;34.279998779296875;42.40999984741211;99506700;41.14609146118164
2021-04-05;44.529998779296875;45.29999923706055;42.06999969482422;44.47999954223633;80534700;43.154396057128906
2021-04-12;43.720001220703125;44.130001068115234;40.630001068115234;42.75;66479200;41.475955963134766
2021-04-19;41.77000045776367;42.290000915527344;37.040000915527344;40.150001525878906;83495100;38.95344543457031
2021-04-26;40.09000015258789;42.90999984741211;36.560001373291016;36.900001525878906;73037600;35.80030059814453
2021-05-03;37.720001220703125;37.790000915527344;32.0;36.93000030517578;86534600;35.82939910888672
2021-05-10;36.0;36.0;27.809999465942383;31.93000030517578;136838100;30.978416442871094
2021-05-17;30.979999542236328;35.34000015258789;28.219999313354492;34.13999938964844;117389600;33.12255859375
2021-05-24;35.0;39.27000045776367;34.90999984741211;38.779998779296875;86823200;37.62427520751953
2021-05-31;39.52000045776367;40.540000915527344;36.52000045776367;39.7400016784668;63436200;38.555660247802734
2021-06-07;39.2599983215332;39.970001220703125;37.29999923706055;39.4900016784668;62224000;38.3131103515625
2021-06-14;39.810001373291016;41.599998474121094;36.75;37.31999969482422;89716800;36.20777893066406
2021-06-21;37.54999923706055;41.689998626708984;36.59000015258789;40.65999984741211;53798700;39.44824981689453
2021-06-28;41.5;44.72999954223633;41.45000076293945;43.31999969482422;63641900;42.02897644042969
2021-07-05;43.63999938964844;44.13999938964844;37.7599983215332;41.77000045776367;45208000;40.52516555786133
2021-07-12;42.15999984741211;44.790000915527344;36.59000015258789;36.7599983215332;63066200;35.66447067260742
2021-07-19;35.209999084472656;41.849998474121094;34.709999084472656;41.54999923706055;59504000;40.31171798706055
2021-07-26;40.58000183105469;44.5;36.709999084472656;44.38999938964844;67521500;43.06708526611328
2021-08-02;45.189998626708984;48.189998626708984;43.61000061035156;46.630001068115234;56371600;45.240325927734375
2021-08-09;46.900001525878906;47.27000045776367;41.560001373291016;43.47999954223633;43356700;42.18419647216797
2021-08-16;42.90999984741211;43.43000030517578;37.13999938964844;40.43000030517578;56990000;39.22509765625
2021-08-23;41.400001525878906;47.5;41.400001525878906;47.29999923706055;52799600;45.89036178588867
2021-08-30;47.779998779296875;49.0;45.369998931884766;47.2400016784668;41701400;45.83214569091797
2021-09-06;47.36000061035156;48.630001068115234;43.7599983215332;46.59000015258789;40490800;45.20151901245117
2021-09-13;47.79999923706055;49.529998779296875;45.93000030517578;46.75;54380700;45.356746673583984
2021-09-20;43.75;48.54999923706055;41.15999984741211;47.95000076293945;59804800;46.52099609375
2021-09-27;46.52000045776367;48.18000030517578;38.060001373291016;40.06999969482422;84957900;38.875823974609375
2021-10-04;39.310001373291016;42.029998779296875;36.56999969482422;39.33000183105469;75684000;38.15788269042969
2021-10-11;38.7599983215332;42.290000915527344;36.470001220703125;41.84000015258789;66743800;40.59308624267578
2021-10-18;41.13999938964844;46.22999954223633;40.439998626708984;44.04999923706055;52594000;42.73720932006836
2021-10-25;44.599998474121094;47.650001525878906;43.560001373291016;47.650001525878906;63490200;46.22993469238281
2021-11-01;47.790000915527344;62.400001525878906;47.45000076293945;60.90999984741211;78616000;59.09475326538086
2021-11-08;62.099998474121094;65.62999725341797;57.06999969482422;63.349998474121094;75746500;61.462039947509766
2021-11-15;64.7300033569336;69.87000274658203;61.2599983215332;68.61000061035156;64797100;66.56527709960938
2021-11-22;69.54000091552734;72.48999786376953;59.849998474121094;61.369998931884766;62725400;59.54103469848633
2021-11-29;63.95000076293945;70.95999908447266;59.68000030517578;62.93000030517578;105254700;61.05454635620117
2021-12-06;62.060001373291016;72.5199966430664;56.779998779296875;67.5999984741211;74833600;65.58538055419922
2021-12-13;68.0199966430664;69.5;56.86000061035156;58.959999084472656;91299500;57.2028694152832
2021-12-20;56.13999938964844;68.75;55.470001220703125;67.41000366210938;63677000;65.41696166992188
2021-12-27;68.0999984741211;74.06999969482422;67.83000183105469;68.01000213623047;62042000;65.99920654296875
2022-01-03;69.05000305175781;74.20999908447266;59.13999938964844;59.7400016784668;100572800;57.973724365234375
2022-01-10;57.34000015258789;69.18000030517578;53.81999969482422;64.4800033569336;119305700;62.573585510253906
2022-01-17;60.90999984741211;61.380001068115234;43.400001525878906;43.709999084472656;136003800;42.417659759521484
2022-01-24;41.0;47.099998474121094;33.099998474121094;38.40999984741211;234260400;37.274375915527344
2022-01-31;38.9900016784668;49.5;38.29999923706055;43.459999084472656;181157600;42.175052642822266
2022-02-07;43.63999938964844;52.209999084472656;38.41999816894531;39.540000915527344;199955400;38.37095642089844
2022-02-14;39.75;46.5;37.77000045776367;39.630001068115234;207249800;38.45830154418945
2022-02-21;38.22999954223633;41.84000015258789;31.549999237060547;41.779998779296875;211907300;40.54471969604492
2022-02-28;40.20000076293945;42.22999954223633;33.36000061035156;34.77000045776367;224172800;33.741981506347656
2022-03-07;34.81999969482422;35.65999984741211;28.479999542236328;30.690000534057617;243554500;29.782615661621094
2022-03-14;30.010000228881836;39.66999816894531;27.299999237060547;39.16999816894531;224133600;38.011898040771484
2022-03-21;38.70000076293945;42.369998931884766;36.59000015258789;42.0099983215332;192282600;40.77523422241211
2022-03-28;41.20000076293945;46.0;34.619998931884766;36.290000915527344;210301100;35.22336959838867
2022-04-04;36.58000183105469;38.220001220703125;28.149999618530273;28.290000915527344;282263200;27.4585018157959
2022-04-11;27.040000915527344;28.84000015258789;25.540000915527344;25.610000610351562;229028600;24.857275009155273
2022-04-18;25.260000228881836;30.850000381469727;24.3700008392334;24.450000762939453;257770100;23.731369018554688
2022-04-25;23.889999389648438;26.299999237060547;21.479999542236328;22.239999771118164;277316400;21.586320877075195
2022-05-02;22.3799991607666;28.139999389648438;21.809999465942383;23.350000381469727;325750000;22.663700103759766
2022-05-09;21.81999969482422;22.90999984741211;17.959999084472656;22.489999771118164;367737600;21.82897186279297
2022-05-16;21.860000610351562;24.739999771118164;17.65999984741211;20.360000610351562;325658500;19.76158332824707
2022-05-23;19.93000030517578;25.440000534057617;18.440000534057617;25.260000228881836;281526800;24.51755714416504
2022-05-30;25.139999389648438;26.280000686645508;22.709999084472656;23.93000030517578;192582600;23.226652145385742
2022-06-06;25.25;25.579999923706055;18.65999984741211;18.809999465942383;212944300;18.25713539123535
2022-06-13;16.93000030517578;17.43000030517578;12.779999732971191;13.699999809265137;361082400;13.297331809997559
2022-06-20;14.539999961853027;15.850000381469727;13.34000015258789;15.8100004196167;215058500;15.365039825439453
2022-06-27;16.309999465942383;16.579999923706055;11.130000114440918;11.600000381469727;324243200;11.273527145385742
2022-07-04;10.739999771118164;14.170000076293945;10.529999732971191;13.90999984741211;313483500;13.518513679504395
2022-07-11;13.25;15.149999618530273;12.130000114440918;15.109999656677246;328243400;14.68474006652832
2022-07-18;15.829999923706055;19.1200008392334;14.630000114440918;17.649999618530273;394066000;17.153249740600586
2022-07-25;17.229999542236328;19.989999771118164;16.25;19.829999923706055;301955700;19.27189826965332
2022-08-01;19.40999984741211;22.270000457763672;19.030000686645508;21.559999465942383;295598600;20.953208923339844
2022-08-08;20.649999618530273;21.719999313354492;16.90999984741211;21.600000381469727;321064200;20.992080688476562
2022-08-15;21.239999771118164;21.969999313354492;18.709999084472656;19.170000076293945;266249200;18.630474090576172
2022-08-22;18.100000381469727;19.3799991607666;15.949999809265137;15.979999542236328;286536800;15.530254364013672
2022-08-29;15.479999542236328;16.049999237060547;11.970000267028809;12.859999656677246;439079100;12.498063087463379
2022-09-05;12.90999984741211;14.850000381469727;12.069999694824219;14.649999618530273;344719000;14.237685203552246
2022-09-12;14.829999923706055;15.050000190734863;11.180000305175781;12.0600004196167;401228500;11.72057819366455
2022-09-19;11.619999885559082;12.920000076293945;9.449999809265137;10.029999732971191;503274000;9.779621124267578
2022-09-26;9.90999984741211;10.359999656677246;8.739999771118164;8.859999656677246;569373800;8.638827323913574
2022-10-03;9.09000015258789;11.920000076293945;8.880000114440918;9.210000038146973;603360700;8.980090141296387
2022-10-10;9.069999694824219;9.09000015258789;6.210000038146973;6.929999828338623;922189200;6.75700569152832
2022-10-17;7.46999979019165;8.640000343322754;7.039999961853027;8.579999923706055;782331500;8.36581802368164
2022-10-24;8.640000343322754;9.670000076293945;8.079999923706055;9.5;676878100;9.262850761413574
2022-10-31;9.300000190734863;9.770000457763672;7.53000020980835;8.989999771118164;710685200;8.765582084655762
2022-11-07;9.270000457763672;13.40999984741211;8.880000114440918;13.220000267028809;723403600;12.88998794555664
2022-11-14;12.989999771118164;14.4399995803833;11.3100004196167;12.489999771118164;626707200;12.17821216583252
2022-11-21;12.069999694824219;13.75;11.739999771118164;12.859999656677246;326732900;12.538973808288574
2022-11-28;12.359999656677246;14.130000114440918;11.5;13.029999732971191;506396500;12.704731941223145
2022-12-05;12.800000190734863;13.15999984741211;11.329999923706055;12.319999694824219;434970900;12.012454986572266
2022-12-12;12.140000343322754;14.90999984741211;10.770000457763672;11.109999656677246;589168900;10.832660675048828
2022-12-19;11.119999885559082;11.270000457763672;9.109999656677246;9.770000457763672;482417100;9.560093879699707
2022-12-26;9.579999923706055;9.829999923706055;8.739999771118164;9.670000076293945;317395200;9.462244033813477
2023-01-02;10.170000076293945;11.069999694824219;9.1899995803833;10.869999885559082;418891800;10.636460304260254
2023-01-09;11.529999732971191;13.079999923706055;11.1899995803833;12.949999809265137;517572300;12.671772003173828
2023-01-16;12.880000114440918;13.760000228881836;11.619999885559082;12.789999961853027;346090900;12.51520824432373
2023-01-23;13.180000305175781;15.359999656677246;13.130000114440918;14.979999542236328;507264900;14.658158302307129
2023-01-30;14.350000381469727;18.399999618530273;13.640000343322754;16.93000030517578;540158400;16.56626319885254
2023-02-06;16.1200008392334;17.899999618530273;15.25;15.800000190734863;431989700;15.460541725158691
2023-02-13;15.989999771118164;17.59000015258789;15.039999961853027;15.5;411076400;15.166987419128418
2023-02-20;14.789999961853027;15.34000015258789;13.539999961853027;14.3100004196167;307473100;14.00255298614502
2023-02-27;14.960000038146973;15.770000457763672;13.65999984741211;15.680000305175781;330570600;15.343118667602539
2023-03-06;15.829999923706055;16.540000915527344;13.8100004196167;14.050000190734863;411269200;13.748139381408691
2023-03-13;13.609999656677246;16.899999618530273;13.149999618530273;16.1299991607666;542237400;15.783449172973633
2023-03-20;16.139999389648438;18.170000076293945;15.779999732971191;16.56999969482422;421760400;16.238435745239258
2023-03-27;16.760000228881836;18.34000015258789;14.899999618530273;18.299999237060547;379149000;17.933820724487305
2023-04-03;17.920000076293945;18.15999984741211;15.09000015258789;15.65999984741211;274095100;15.346648216247559
2023-04-10;15.220000267028809;16.790000915527344;15.039999961853027;15.579999923706055;308650100;15.268247604370117
2023-04-17;15.100000381469727;16.360000610351562;14.479999542236328;14.859999656677246;300247500;14.562654495239258
2023-04-24;14.779999732971191;15.039999961853027;12.520000457763672;14.229999542236328;360488600;13.945261001586914
2023-05-01;14.460000038146973;14.90999984741211;13.220000267028809;14.470000267028809;314578300;14.180459976196289
2023-05-08;14.460000038146973;14.699999809265137;13.59000015258789;14.020000457763672;277979600;13.73946475982666
2023-05-15;14.100000381469727;17.799999237060547;13.970000267028809;17.389999389648438;336474900;17.042030334472656
2023-05-22;16.920000076293945;23.260000228881836;15.489999771118164;22.8799991607666;410440700;22.422178268432617
2023-05-29;24.56999969482422;24.799999237060547;20.829999923706055;22.020000457763672;313150200;21.57938575744629
2023-06-05;21.75;23.489999771118164;20.43000030517578;22.399999618530273;243447000;21.951780319213867
2023-06-12;23.200000762939453;26.790000915527344;23.1299991607666;25.239999771118164;340199600;24.734956741333008
2023-06-19;24.860000610351562;25.549999237060547;21.520000457763672;21.889999389648438;191380000;21.485105514526367
2023-06-26;22.31999969482422;25.170000076293945;22.010000228881836;24.829999923706055;250392300;24.370725631713867
2023-07-03;25.260000228881836;25.75;22.040000915527344;22.959999084472656;154286300;22.535316467285156
2023-07-10;23.15999984741211;28.030000686645508;23.079999923706055;26.229999542236328;228967200;25.744831085205078
2023-07-17;26.280000686645508;28.549999237060547;23.8700008392334;24.920000076293945;255441200;24.459062576293945
2023-07-24;24.90999984741211;28.440000534057617;24.209999084472656;28.149999618530273;267144800;27.629318237304688
2023-07-31;28.459999084472656;28.75;24.06999969482422;24.8799991607666;266084800;24.4197998046875
2023-08-07;25.459999084472656;25.780000686645508;21.010000228881836;21.139999389648438;274438800;20.748977661132812
2023-08-14;20.860000610351562;22.959999084472656;19.110000610351562;20.149999618530273;269540700;19.777292251586914
2023-08-21;20.510000228881836;23.920000076293945;19.399999618530273;20.65999984741211;347333400;20.277854919433594
2023-08-28;21.260000228881836;24.510000228881836;20.760000228881836;24.020000457763672;286647900;23.575708389282227
2023-09-04;23.75;24.579999923706055;21.0;21.5;187289900;21.10232162475586
2023-09-11;22.239999771118164;22.309999465942383;19.450000762939453;19.790000915527344;292163100;19.423948287963867
2023-09-18;19.290000915527344;20.18000030517578;17.389999389648438;17.84000015258789;283800900;17.539064407348633
2023-09-25;17.610000610351562;19.65999984741211;16.889999389648438;18.8700008392334;373081000;18.551685333251953
2023-10-02;18.950000762939453;19.790000915527344;17.530000686645508;19.469999313354492;374132600;19.141563415527344
2023-10-09;18.920000076293945;21.56999969482422;18.450000762939453;18.979999542236328;364998600;18.65983009338379
2023-10-16;19.1299991607666;20.0;16.56999969482422;16.639999389648438;436930900;16.359302520751953
2023-10-23;16.350000381469727;17.260000228881836;14.479999542236328;15.100000381469727;469436400;14.845280647277832
2023-10-30;14.819999694824219;18.760000228881836;14.010000228881836;18.3799991607666;458310500;18.069950103759766
2023-11-06;18.450000762939453;20.780000686645508;17.729999542236328;20.600000381469727;331040700;20.25250244140625
2023-11-13;20.110000610351562;23.290000915527344;19.579999923706055;23.1299991607666;345364400;22.739824295043945
2023-11-20;23.09000015258789;24.420000076293945;22.450000762939453;23.09000015258789;206914000;22.700498580932617
2023-11-27;22.790000915527344;24.299999237060547;21.84000015258789;23.06999969482422;277309300;22.68083381652832
2023-12-04;22.360000610351562;24.040000915527344;21.290000915527344;23.700000762939453;314495400;23.300212860107422
2023-12-11;24.389999389648438;31.59000015258789;24.309999465942383;30.56999969482422;370942300;30.054317474365234
2023-12-18;30.559999465942383;31.079999923706055;28.049999237060547;30.510000228881836;249700900;30.062734603881836
2023-12-25;30.93000030517578;32.779998779296875;30.889999389648438;31.399999618530273;184789900;30.939685821533203
2024-01-01;29.889999389648438;29.899999618530273;24.799999237060547;25.93000030517578;291080400;25.54987335205078
2024-01-08;26.489999771118164;29.139999389648438;26.43000030517578;28.100000381469727;329894200;27.688066482543945
2024-01-15;28.149999618530273;34.9900016784668;26.959999084472656;34.86000061035156;346221300;34.348960876464844
2024-01-22;35.68000030517578;39.529998779296875;33.70000076293945;34.0099983215332;375202200;33.51142120361328
2024-01-29;34.22999954223633;35.130001068115234;31.139999389648438;33.650001525878906;324556000;33.15670394897461
2024-02-05;34.54999923706055;39.540000915527344;32.65999984741211;39.31999969482422;317368300;38.74357604980469
2024-02-12;39.40999984741211;41.33000183105469;35.15999984741211;38.33000183105469;359209400;37.768089294433594
2024-02-19;37.2400016784668;42.68000030517578;34.58000183105469;40.16999816894531;310890800;39.58111572265625
2024-02-26;41.220001220703125;48.95000076293945;39.150001525878906;48.33000183105469;301928700;47.621498107910156
2024-03-04;50.0;56.9900016784668;45.2599983215332;48.95000076293945;470481600;48.2324104309082
2024-03-11;46.939998626708984;49.689998626708984;41.619998931884766;42.7400016784668;395795300;42.11344528198242
2024-03-18;44.70000076293945;48.7599983215332;38.95000076293945;46.43000030517578;367634700;45.78702926635742
2024-03-25;44.5;47.369998931884766;43.90999984741211;46.529998779296875;212943600;45.88563919067383
2024-04-01;46.72999954223633;49.9900016784668;41.939998626708984;43.619998931884766;328710400;43.015933990478516
2024-04-08;44.5;46.04999923706055;41.029998779296875;41.5099983215332;328641000;40.93515396118164
2024-04-15;42.9900016784668;43.400001525878906;30.200000762939453;30.790000915527344;406970400;30.363611221313477
2024-04-22;31.579999923706055;40.290000915527344;30.5;39.79999923706055;351697800;39.248836517333984
2024-04-29;39.599998474121094;41.4900016784668;33.650001525878906;38.970001220703125;319968000;38.430335998535156
2024-05-06;39.970001220703125;42.2400016784668;38.959999084472656;41.029998779296875;239829400;40.46179962158203
2024-05-13;41.599998474121094;48.029998779296875;41.04999923706055;45.400001525878906;217501700;44.77128982543945
2024-05-20;45.959999084472656;53.20000076293945;45.810001373291016;51.439998626708984;276681500;50.72764205932617
2024-05-27;53.34000015258789;54.88999938964844;44.380001068115234;48.59000015258789;204407100;47.9171142578125
2024-06-03;50.810001373291016;53.869998931884766;46.119998931884766;51.869998931884766;260576200;51.15168380737305
2024-06-10;50.52000045776367;61.4900016784668;50.41999816894531;60.099998474121094;239987100;59.2677116394043
2024-06-17;61.0;66.19000244140625;56.029998779296875;58.20000076293945;212130800;57.3940315246582
2024-06-24;56.45000076293945;58.58000183105469;52.349998474121094;55.36000061035156;230031600;54.74662780761719
2024-07-01;55.36000061035156;62.380001068115234;52.25;60.810001373291016;166984800;60.13624572753906
2024-07-08;62.2599983215332;70.08000183105469;61.220001220703125;63.939998626708984;259347100;63.2315673828125
2024-07-15;64.94000244140625;66.76000213623047;46.75;47.0;357646600;46.47925567626953
2024-07-22;50.04999923706055;52.95000076293945;37.38999938964844;41.91999816894531;440476800;41.455543518066406
2024-07-29;43.369998931884766;45.0;28.139999389648438;29.34000015258789;648363200;29.014923095703125
2024-08-05;23.520000457763672;31.940000534057617;23.5;31.010000228881836;750546600;30.66642189025879
2024-08-12;31.110000610351562;40.470001220703125;30.229999542236328;39.72999954223633;494824000;39.28980255126953
2024-08-19;39.279998779296875;42.880001068115234;37.11000061035156;40.400001525878906;439958300;39.9523811340332
2024-08-26;39.75;40.290000915527344;35.290000915527344;38.790000915527344;445248800;38.36022186279297
2024-09-02;36.189998626708984;36.810001373291016;25.5;25.959999084472656;505061300;25.672372817993164
2024-09-09;27.18000030517578;33.720001220703125;26.149999618530273;33.43000030517578;486216000;33.05960464477539
2024-09-16;32.029998779296875;36.439998626708984;30.84000015258789;33.54999923706055;512893200;33.17827606201172
2024-09-23;33.970001220703125;40.5099983215332;33.189998626708984;37.65999984741211;440114000;37.30873489379883
2024-09-30;36.25;37.529998779296875;32.7400016784668;36.68000030517578;468678200;36.33787536621094
2024-10-07;35.91999816894531;39.04999923706055;35.56999969482422;38.66999816894531;345396200;38.3093147277832
2024-10-14;39.439998626708984;41.189998626708984;33.63999938964844;35.27000045776367;425812300;34.9410285949707
2024-10-21;34.84000015258789;36.869998931884766;32.290000915527344;35.279998779296875;334696000;34.95093536376953
2024-10-28;35.29999923706055;38.45000076293945;29.229999542236328;30.829999923706055;429553200;30.542442321777344
2024-11-04;30.610000610351562;36.369998931884766;30.010000228881836;35.40999984741211;362102500;35.0797233581543
2024-11-11;34.349998474121094;34.40999984741211;26.43000030517578;26.65999984741211;449674100;26.411334991455078
2024-11-18;26.700000762939453;28.920000076293945;26.0;28.489999771118164;376816300;28.224266052246094
2024-11-25;29.579999923706055;30.25;25.579999923706055;28.059999465942383;282279300;27.79827880859375
2024-12-02;28.559999465942383;31.559999465942383;28.459999084472656;29.610000610351562;325053300;29.333820343017578
2024-12-09;29.06999969482422;31.309999465942383;26.559999465942383;30.700000762939453;373553600;30.413654327392578
2024-12-16;31.1200008392334;32.95000076293945;25.59000015258789;27.299999237060547;447481200;27.045364379882812
2024-12-23;27.889999389648438;31.100000381469727;27.860000610351562;29.690000534057617;223795000;29.49626922607422
2024-12-30;28.239999771118164;30.1200008392334;26.93000030517578;29.81999969482422;279174400;29.62541961669922
2025-01-06;31.809999465942383;33.72999954223633;27.440000534057617;28.059999465942383;329283700;27.87690544128418
2025-01-13;26.440000534057617;32.709999084472656;26.25;32.4900016784668;366077100;32.27799987792969
2025-01-20;33.33000183105469;36.150001525878906;32.310001373291016;32.650001525878906;223619000;32.43695831298828
2025-01-27;27.65999984741211;29.25;23.75;27.020000457763672;585035800;26.84368896484375
2025-02-03;24.799999237060547;28.280000686645508;24.309999465942383;26.329999923706055;382431400;26.158191680908203
2025-02-10;26.920000076293945;28.81999969482422;25.950000762939453;28.549999237060547;259326200;28.363706588745117
2025-02-17;29.200000762939453;32.63999938964844;28.399999618530273;28.809999465942383;231504600;28.62200927734375
2025-02-24;29.15999984741211;29.260000228881836;21.020000457763672;22.729999542236328;486282100;22.581682205200195
2025-03-03;23.719999313354492;23.729999542236328;18.75;20.8799991607666;717271100;20.74375343322754
2025-03-10;19.34000015258789;19.93000030517578;16.510000228881836;19.799999237060547;685015600;19.670801162719727
2025-03-17;19.510000228881836;21.3700008392334;18.3700008392334;19.280000686645508;409913700;19.15419578552246
2025-03-24;20.479999542236328;21.3700008392334;15.739999771118164;16.030000686645508;485129300;15.974847793579102
2025-03-31;15.069999694824219;16.889999389648438;8.180000305175781;8.729999542236328;1160761300;8.699963569641113
2025-04-07;7.880000114440918;13.109999656677246;7.230000019073486;10.229999542236328;3099256300;10.194802284240723
2025-04-14;11.149999618530273;11.15999984741211;8.329999923706055;9.199999809265137;1184949300;9.168346405029297
2025-04-21;8.670000076293945;12.59000015258789;8.149999618530273;12.34000015258789;1487061300;12.2975435256958
2025-04-28;12.15999984741211;13.6899995803833;10.75;13.289999961853027;1043667300;13.244274139404297
2025-05-05;12.930000305175781;14.470000267028809;12.119999885559082;14.109999656677246;828291800;14.061452865600586
2025-05-12;16.889999389648438;19.3700008392334;16.5;18.389999389648438;910437100;18.32672691345215
2025-05-19;17.149999618530273;18.59000015258789;15.100000381469727;15.729999542236328;681893000;15.675878524780273
2025-05-26;16.739999771118164;18.209999084472656;15.239999771118164;16.170000076293945;637203900;16.114364624023438
2025-06-02;16.059999465942383;19.989999771118164;16.040000915527344;19.18000030517578;710702100;19.1140079498291
2025-06-09;19.709999084472656;22.600000381469727;19.68000030517578;20.040000915527344;733266100;19.971052169799805
2025-06-16;20.829999923706055;22.530000686645508;20.3700008392334;21.209999084472656;495324500;21.13702392578125
2025-06-23;21.18000030517578;25.84000015258789;20.280000686645508;25.110000610351562;576411100;25.102706909179688
2025-06-30;25.489999771118164;26.719999313354492;23.579999923706055;26.43000030517578;355165200;26.42232322692871
2025-07-07;25.729999542236328;27.729999542236328;24.6200008392334;27.290000915527344;430031700;27.282073974609375
2025-07-14;26.639999389648438;28.459999084472656;24.90999984741211;27.329999923706055;487906100;27.32206153869629
2025-07-21;27.559999465942383;28.5;24.829999923706055;25.600000381469727;449912300;25.592565536499023
2025-07-28;26.3799991607666;28.15999984741211;22.56999969482422;24.079999923706055;552674100;24.07300567626953
2025-08-04;24.59000015258789;25.8799991607666;22.950000762939453;25.709999084472656;477763000;25.702531814575195
2025-08-11;26.030000686645508;29.65999984741211;25.450000762939453;27.3700008392334;468708000;27.362051010131836
2025-08-18;27.100000381469727;28.31999969482422;23.65999984741211;27.450000762939453;428554000;27.442028045654297
2025-08-25;27.350000381469727;29.110000610351562;25.670000076293945;26.040000915527344;356815900;26.032438278198242
2025-09-01;24.079999923706055;26.969999313354492;23.799999237060547;26.450000762939453;373779500;26.442317962646484
2025-09-08;26.959999084472656;29.610000610351562;26.56999969482422;29.299999237060547;337368000;29.291488647460938
2025-09-15;29.139999389648438;34.13999938964844;28.920000076293945;33.02000045776367;366519500;33.01041030883789
2025-09-22;33.20000076293945;35.29999923706055;31.360000610351562;34.02000045776367;325893900;34.02000045776367
2025-09-29;35.029998779296875;40.060001373291016;33.56999969482422;38.22999954223633;322472100;38.22999954223633
2025-10-06;42.83000183105469;43.369998931884766;34.16999816894531;34.209999084472656;541360600;34.209999084472656
2025-10-13;38.22999954223633;41.93000030517578;35.95000076293945;40.290000915527344;467172500;40.290000915527344
2025-10-20;41.15999984741211;44.15999984741211;35.970001220703125;43.13999938964844;369797400;43.13999938964844
2025-10-27;45.4900016784668;50.7599983215332;45.13999938964844;47.779998779296875;367554600;47.779998779296875
2025-11-03;49.5;50.189998626708984;37.040000915527344;41.7400016784668;466266900;41.7400016784668
2025-11-10;45.060001373291016;45.52000045776367;35.150001525878906;38.86000061035156;484339200;38.86000061035156
2025-11-17;37.900001525878906;40.08000183105469;28.1200008392334;31.729999542236328;810332800;31.729999542236328
2025-11-24;32.689998626708984;41.33000183105469;32.04999923706055;41.2599983215332;378861500;41.2599983215332
2025-12-01;39.58000183105469;48.04999923706055;39.459999084472656;46.5;440168400;46.5
2025-12-08;47.560001373291016;50.09000015258789;41.060001373291016;41.709999084472656;442902600;41.709999084472656
2025-12-15;43.11000061035156;43.41999816894531;35.70000076293945;41.720001220703125;488592300;41.720001220703125
2025-12-22;44.45000076293945;44.790000915527344;42.220001220703125;44.209999084472656;175897300;44.209999084472656
2025-12-29;42.97999954223633;48.09000015258789;42.0099983215332;47.2400016784668;272784000;47.2400016784668
2026-01-05;50.349998474121094;54.7599983215332;48.130001068115234;53.95000076293945;420423800;53.95000076293945
2026-01-12;52.38999938964844;62.189998626708984;52.349998474121094;60.75;333747800;60.75
2026-01-19;57.34000015258789;66.95999908447266;57.220001220703125;61.599998474121094;295643400;61.599998474121094
2026-01-26;60.75;71.9800033569336;59.599998474121094;61.790000915527344;339515700;61.790000915527344
2026-02-02;59.459999084472656;67.62000274658203;49.33000183105469;61.75;525393400;61.75
2026-02-09;59.9900016784668;70.86000061035156;59.290000915527344;64.58999633789062;385496000;64.58999633789062
2026-02-16;62.02000045776367;68.44999694824219;59.560001373291016;67.11000061035156;298614800;67.11000061035156
2026-02-23;65.8499984741211;72.36000061035156;60.65999984741211;62.77000045776367;354648300;62.77000045776367
2026-03-02;58.11000061035156;62.81999969482422;46.79999923706055;47.88999938964844;526338700;47.88999938964844
2026-03-09;45.5099983215332;57.779998779296875;44.529998779296875;50.720001220703125;491541700;50.720001220703125
2026-03-16;54.060001373291016;56.47999954223633;48.5;51.13999938964844;410362600;51.13999938964844
2026-03-23;54.630001068115234;58.25;45.959999084472656;46.61000061035156;507856400;46.61000061035156
2026-03-30;47.86000061035156;54.09000015258789;39.52000045776367;52.75;504175600;52.75
2026-04-06;53.75;78.30000305175781;52.130001068115234;76.38999938964844;445999400;76.38999938964844
2026-04-13;75.58999633789062;94.75;75.25;94.68000030517578;325445900;94.68000030517578
2026-04-20;95.97000122070312;130.1199951171875;92.02999877929688;128.32000732421875;352342500;128.32000732421875
2026-04-27;128.3300018310547;131.3800048828125;103.98999786376953;130.39999389648438;322415000;130.39999389648438
2026-05-04;132.1999969482422;177.5;123.80000305175781;176.94000244140625;283556700;176.94000244140625
2026-05-11;181.0;191.2899932861328;150.5800018310547;164.17999267578125;307169500;164.17999267578125
2026-05-18;172.9499969482422;195.27000427246094;135.02000427246094;190.55999755859375;317319400;190.55999755859375
2026-05-25;211.3800048828125;242.66000366210938;204.0;224.33999633789062;211454900;224.33999633789062
2026-06-01;217.27000427246094;284.5799865722656;181.80999755859375;182.5399932861328;297432800;182.5399932861328
2026-06-08;210.6199951171875;242.39999389648438;157.55999755859375;234.67999267578125;410771500;234.67999267578125
2026-06-15;265.989990234375;286.1499938964844;226.0;279.2900085449219;193133100;279.2900085449219
2026-06-22;299.260009765625;302.0;211.1300048828125;215.60000610351562;273507000;215.60000610351562
2026-06-29;216.36000061035156;272.0;168.8800048828125;181.47000122070312;236890800;181.47000122070312
2026-07-06;197.2100067138672;210.8000030517578;150.0800018310547;192.25999450683594;275046600;192.25999450683594
2026-07-13;174.61000061035156;188.42999267578125;116.47000122070312;135.47000122070312;351118400;135.47000122070312
2026-07-20;143.52000427246094;165.75;132.5500030517578;136.80999755859375;284995600;136.80999755859375
2026-07-27;140.64999389648438;148.02000427246094;91.5;114.72000122070312;578269200;114.72000122070312
2026-08-03;106.1500015258789;144.33999633789062;102.08999633789062;140.25;345465700;140.25
2026-08-10;142.8000030517578;143.4499969482422;130.0;133.0;87858800;133.0
2026-08-11;136.25999450683594;136.60000610351562;130.05999755859375;133.0;37426472;133.0
